"","kingdom","supergroup","division","class","order","family","genus","species","casv_code","PR2_matches","biogeo","taxon_level","trophic_mode"
"ed4ae22e6f","Eukaryota","Hacrobia","Haptophyta","Prymnesiophyceae","Phaeocystales","Phaeocystaceae","Phaeocystis","Phaeocystis_pouchetii","77319f9e18","  0","Polar-Temperate","species","photosynthetic"
"ec4282114f","Eukaryota","Archaeplastida","Chlorophyta","Mamiellophyceae","Mamiellales","Mamiellaceae","Micromonas","Micromonas_polaris","3023c9b233"," 43","Polar-Temperate","species","photosynthetic"
"2044dfe072","Eukaryota","Stramenopiles","Ochrophyta","Bacillariophyta","Bacillariophyta_X","Raphid-pennate","Fragilariopsis","Fragilariopsis_cylindrus","d246da9ef2"," 38","Polar-Temperate","species","photosynthetic"
"c699cb1809","Eukaryota","Hacrobia","Cryptophyta","Cryptophyceae","Cryptomonadales","Cryptomonadales_X","Baffinella","Baffinella_frigidus","3c907bbfd2"," 12","Polar-Temperate","order","photosynthetic"
"b7ab8df4dc","Eukaryota","Stramenopiles","Ochrophyta","Bacillariophyta","Bacillariophyta_X","Raphid-pennate","Pseudo-nitzschia","Pseudo-nitzschia_seriata","28e79c69f7"," 27","Polar-Temperate","genus","photosynthetic"
"b90e070e4e","Eukaryota","Stramenopiles","Ochrophyta","Bacillariophyta","Bacillariophyta_X","Polar-centric-Mediophyceae","Chaetoceros","Chaetoceros_gelidus","3678d85483"," 10","Polar-Temperate","genus","photosynthetic"
"887e03c0a4","Eukaryota","Stramenopiles","Ochrophyta","Bacillariophyta","Bacillariophyta_X","Raphid-pennate","Nitzschia","Nitzschia_sp.","e69dcf7956","  2","Polar","genus","photosynthetic"
"e9fa6c9f9e","Eukaryota","Stramenopiles","Ochrophyta","Bacillariophyta","Bacillariophyta_X","Polar-centric-Mediophyceae","Skeletonema","Skeletonema_sp.","534bdf9655","  1","Polar-Temperate","genus","photosynthetic"
"4ce1f6f873","Eukaryota","Stramenopiles","Ochrophyta","Bacillariophyta","Bacillariophyta_X","Polar-centric-Mediophyceae","Chaetoceros","Chaetoceros_neogracilis","2c90da1fc8"," 43","Polar-Temperate","species","photosynthetic"
"a8ebb7c1b9","Eukaryota","Stramenopiles","Ochrophyta","Pelagophyceae","Pelagomonadales","Pelagomonadales_clade_A","Pelagomonadales_clade_A_X","Pelagomonadales_clade_A_X_sp.","1da8545dd2","  0","Polar","division","photosynthetic"
"3fb11d7983","Eukaryota","Stramenopiles","Ochrophyta","Bacillariophyta","Bacillariophyta_X","Polar-centric-Mediophyceae","Thalassiosira","Thalassiosira_sp.","3fb11d7983","  8","Unallocated","genus","photosynthetic"
"3f64566871","Eukaryota","Hacrobia","Cryptophyta","Cryptophyceae","Cryptomonadales","Cryptomonadales_X","Teleaulax","Teleaulax_gracilis","be7a2477fb","  2","Polar-Temperate","order","photosynthetic"
"292382368e","Eukaryota","Stramenopiles","Ochrophyta","Bacillariophyta","Bacillariophyta_X","Raphid-pennate","Raphid-pennate_X","Raphid-pennate_X_sp.","c08015cc71","  0","Polar","class","photosynthetic"
"38339c0b55","Eukaryota","Stramenopiles","Ochrophyta","Pelagophyceae","Sarcinochrysidales","Sarcinochrysidaceae","Ankylochrysis","Ankylochrysis_sp1.","d6b39ef420","  3","Polar","division","photosynthetic"
"d3d233a12c","Eukaryota","Stramenopiles","Ochrophyta","Bacillariophyta","Bacillariophyta_X","Polar-centric-Mediophyceae","Porosira","Porosira_glacialis","2c1f3b53eb"," 13","Polar-Temperate","species","photosynthetic"
"499a2bf8d0","Eukaryota","Hacrobia","Cryptophyta","Cryptophyceae","Cryptomonadales","Cryptomonadales_X","Plagioselmis","Plagioselmis_prolonga","2a0e0fc206","  6","Cosmopolitan","order","photosynthetic"
"649cd59110","Eukaryota","Hacrobia","Cryptophyta","Cryptophyceae","Cryptomonadales","Hemiselmidaceae","Hemiselmis","Hemiselmis_sp.","649cd59110","  0","Unallocated","order","photosynthetic"
"58a35e6970","Eukaryota","Stramenopiles","Ochrophyta","Pelagophyceae","Pelagomonadales","Pelagomonadales_clade_A","Pelagomonadales_clade_A1","Pelagomonadales_clade_A1_sp.","603d7fa59b","  1","Polar","division","photosynthetic"
"6224d893e7","Eukaryota","Hacrobia","Cryptophyta","Cryptophyceae","Cryptomonadales","Cryptomonadales_X","Cryptomonadales_XX","Cryptomonadales_XX_sp.","f789558332","  0","Unallocated","order","photosynthetic"
"f8124a0c4a","Eukaryota","Hacrobia","Cryptophyta","Cryptophyceae","Cryptomonadales","Cryptomonadales_X","Baffinella","Baffinella_frigidus","1e1c3721cb","  1","Polar","order","photosynthetic"
"ed878e7edf","Eukaryota","Stramenopiles","Ochrophyta","Bacillariophyta","Bacillariophyta_X","Raphid-pennate","Bacillaria","Bacillaria_paxillifer","437eb83197","  0","Polar","class","photosynthetic"
"4369ada91d","Eukaryota","Stramenopiles","Ochrophyta","Bacillariophyta","Bacillariophyta_X","Araphid-pennate","Synedra","Synedra_hyperborea","c16837fb1e"," 16","Polar-Temperate","class","photosynthetic"
"6aa05b1319","Eukaryota","Stramenopiles","Ochrophyta","Bacillariophyta","Bacillariophyta_X","Polar-centric-Mediophyceae","Attheya","Attheya_septentrionalis","19576a3b7e"," 23","Polar","species","photosynthetic"
"816ab18948","Eukaryota","Stramenopiles","Ochrophyta","Bacillariophyta","Bacillariophyta_X","Raphid-pennate","Pinnularia","Pinnularia_sp.","816ab18948","  0","Unallocated","class","photosynthetic"
"019e1c9f33","Eukaryota","Stramenopiles","Ochrophyta","Bacillariophyta","Bacillariophyta_X","Raphid-pennate","Stauroneis","Stauroneis_kriegeri","e23bf8e060","  2","Polar","class","photosynthetic"
"0d0d82933b","Eukaryota","Stramenopiles","Ochrophyta","Bacillariophyta","Bacillariophyta_X","Raphid-pennate","Naviculaceae_X","Naviculaceae_X_sp.","2a638db8a7","  5","Polar","class","photosynthetic"
"140587eb59","Eukaryota","Stramenopiles","Ochrophyta","Bacillariophyta","Bacillariophyta_X","Raphid-pennate","Bacillaria","Bacillaria_sp.","140587eb59","  1","Unallocated","class","photosynthetic"
"ffc6b4c795","Eukaryota","Stramenopiles","Ochrophyta","Bacillariophyta","Bacillariophyta_X","Raphid-pennate","Haslea","Haslea_crucigera","ffc6b4c795","  0","Unallocated","class","photosynthetic"
"947233f3fc","Eukaryota","Stramenopiles","Ochrophyta","Bacillariophyta","Bacillariophyta_X","Raphid-pennate","Cylindrotheca","Cylindrotheca_sp.","8882d338f3","  1","Polar","class","photosynthetic"
"f0dff4945e","Eukaryota","Hacrobia","Cryptophyta","Cryptophyceae","Cryptomonadales","Hemiselmidaceae","Chroomonas","Chroomonas_sp.","f0dff4945e","  0","Unallocated","order","photosynthetic"
"19f0f4aa3d","Eukaryota","Stramenopiles","Ochrophyta","Bacillariophyta","Bacillariophyta_X","Raphid-pennate","Cylindrotheca","Cylindrotheca_sp.","08a24b3cda","  1","Polar","class","photosynthetic"
"4683bf1f46","Eukaryota","Hacrobia","Cryptophyta","Cryptophyceae","Pyrenomonadales","Pyrenomonadaceae","Rhodomonas","Rhodomonas_sp.","f67545701c"," 14","Polar-Temperate","order","photosynthetic"
"556a4de724","Eukaryota","Stramenopiles","Ochrophyta","Pelagophyceae","Sarcinochrysidales","Sarcinochrysidaceae","Ankylochrysis","Ankylochrysis_sp.","556a4de724","  4","Unallocated","division","photosynthetic"
"1abc4314c6","Eukaryota","Archaeplastida","Chlorophyta","Chlorophyceae","Chlamydomonadales","Chlamydomonadales_X","Chlamydomonas","Chlamydomonas_raudensis","9b86cf291f","  0","Polar","order","photosynthetic"
"b50a0c4799","Eukaryota","Stramenopiles","Ochrophyta","Bacillariophyta","Bacillariophyta_X","Polar-centric-Mediophyceae","Thalassiosira","Thalassiosira_hispida","0e9703ec1d","  3","Polar","genus","photosynthetic"
"023ccf8f55","Eukaryota","Stramenopiles","Ochrophyta","Bolidophyceae","Parmales","Parmales_env_1","Parmales_env_1_X","Parmales_env_1_X_sp.","df88fad537","  0","Polar","class","photosynthetic"
"226ef7352e","Eukaryota","Stramenopiles","Ochrophyta","Bacillariophyta","Bacillariophyta_X","Raphid-pennate","Bacillaria","Bacillaria_paxillifer","226ef7352e","  0","Unallocated","class","photosynthetic"
"493f0c807c","Eukaryota","Stramenopiles","Ochrophyta","Bacillariophyta","Bacillariophyta_X","Raphid-pennate","Nitzschia","Nitzschia_sp.","277b604b28","  0","Polar","genus","photosynthetic"
"0be36272ba","Eukaryota","Archaeplastida","Chlorophyta","Mamiellophyceae","Mamiellales","Mamiellaceae","Micromonas","Micromonas_polaris","1f433dff65","  6","Polar","species","photosynthetic"
"b703866967","Eukaryota","Stramenopiles","Ochrophyta","Bacillariophyta","Bacillariophyta_X","Raphid-pennate","Fallacia","Fallacia_monoculata","b703866967","  0","Unallocated","class","photosynthetic"
"74b7331ba6","Eukaryota","Stramenopiles","Ochrophyta","Bacillariophyta","Bacillariophyta_X","Raphid-pennate","Pinnularia","Pinnularia_sp.","74b7331ba6","  0","Unallocated","class","photosynthetic"
"e4c749ac0b","Eukaryota","Stramenopiles","Ochrophyta","Bacillariophyta","Bacillariophyta_X","Polar-centric-Mediophyceae","Thalassiosira","Thalassiosira_nordenskioeldii","b436e7c652","  3","Polar","species","photosynthetic"
"b9fc87b36f","Eukaryota","Stramenopiles","Ochrophyta","Bacillariophyta","Bacillariophyta_X","Araphid-pennate","Grammonema","Grammonema_striatula","b9fc87b36f","  4","Unallocated","class","photosynthetic"
"6037a03cc8","Eukaryota","Stramenopiles","Ochrophyta","Bacillariophyta","Bacillariophyta_X","Raphid-pennate","Nitzschia","Nitzschia_sp.","9a1846fb6e","  1","Polar","genus","photosynthetic"
"1c07f1d8b9","Eukaryota","Stramenopiles","Ochrophyta","Bacillariophyta","Bacillariophyta_X","Raphid-pennate","Bacillaria","Bacillaria_paxillifer","1c07f1d8b9","  0","Unallocated","class","photosynthetic"
"cb1a722368","Eukaryota","Archaeplastida","Chlorophyta","Chlorophyceae","Chlamydomonadales","Chlamydomonadales_X","Chlamydomonas","Chlamydomonas_sp.","9c73edc256","  0","Unallocated","order","photosynthetic"
"b06d9b6ce2","Eukaryota","Stramenopiles","Ochrophyta","Bacillariophyta","Bacillariophyta_X","Polar-centric-Mediophyceae","Chaetoceros","Chaetoceros_sp.2","6f1cde901f","  1","Polar","genus","photosynthetic"
"11955501cd","Eukaryota","Stramenopiles","Ochrophyta","Dictyochophyceae","Dictyochophyceae_X","Florenciellales","Florenciella","Florenciella_parvula","1b04d6e9ef"," 10","Cosmopolitan","class","photosynthetic"
"a5a8a53534","Eukaryota","Archaeplastida","Chlorophyta","Chlorophyceae","Chlamydomonadales","Chlamydomonadales_X","Carteria","Carteria_sp.","fffab57b56","  1","Polar","order","photosynthetic"
"c816613446","Eukaryota","Stramenopiles","Ochrophyta","Bacillariophyta","Bacillariophyta_X","Raphid-pennate","Amphora","Amphora_coffeaeformis","c816613446","  0","Unallocated","class","photosynthetic"
"31ac335c5a","Eukaryota","Stramenopiles","Ochrophyta","Bacillariophyta","Bacillariophyta_X","Raphid-pennate","Stauroneis","Stauroneis_kriegeri","4ace941e16","  0","Polar","class","photosynthetic"
"0e7e45f116","Eukaryota","Stramenopiles","Ochrophyta","Bacillariophyta","Bacillariophyta_X","Raphid-pennate","Naviculales","Naviculales_sp.","256de3a986","  0","Unallocated","class","photosynthetic"
"c69e8e07e3","Eukaryota","Stramenopiles","Ochrophyta","Bacillariophyta","Bacillariophyta_X","Raphid-pennate","Raphid-pennate_X","Raphid-pennate_X_sp.","ff452c05c1","  0","Polar","class","photosynthetic"
"6799cd61c5","Eukaryota","Stramenopiles","Ochrophyta","Dictyochophyceae","Dictyochophyceae_X","Florenciellales","Florenciellales_X","Florenciellales_X_sp.","11feec78d3","  0","Polar","class","photosynthetic"
"4a27bb0dfe","Eukaryota","Stramenopiles","Ochrophyta","Bacillariophyta","Bacillariophyta_X","Raphid-pennate","Entomoneis","Entomoneis_ornata","8117095607","  0","Unallocated","class","photosynthetic"
"a0cc2852b7","Eukaryota","Stramenopiles","Ochrophyta","Dictyochophyceae","Dictyochophyceae_X","Pedinellales","Pedinellales_X","Pedinellales_X_sp.","5a7a933172","  0","Polar-Temperate","class","photosynthetic"
"fd2d9bed22","Eukaryota","Stramenopiles","Ochrophyta","Bacillariophyta","Bacillariophyta_X","Raphid-pennate","Raphid-pennate_X","Raphid-pennate_X_sp.","fd2d9bed22","  0","Unallocated","class","photosynthetic"
"bd3e9feaef","Eukaryota","Stramenopiles","Ochrophyta","Dictyochophyceae","Dictyochophyceae_X","Pedinellales","Pedinellales_X","Pedinellales_X_sp.","bd3e9feaef","  0","Unallocated","class","photosynthetic"
"35dd9ad32d","Eukaryota","Stramenopiles","Ochrophyta","Bacillariophyta","Bacillariophyta_X","Raphid-pennate","Raphid-pennate_X","Raphid-pennate_X_sp.","6480ccf6dd","  0","Polar","class","photosynthetic"
"4de55affda","Eukaryota","Stramenopiles","Ochrophyta","Bacillariophyta","Bacillariophyta_X","Polar-centric-Mediophyceae","Porosira","Porosira_sp.","4de55affda","  0","Unallocated","class","photosynthetic"
"a510639a21","Eukaryota","Stramenopiles","Ochrophyta","Pelagophyceae","Pelagomonadales","Pelagomonadales_clade_B","Pelagomonadales_clade_B1","Pelagomonadales_clade_B1_sp.","e0b0bdad4f","  0","Polar-Temperate","division","photosynthetic"
"d103b41d1b","Eukaryota","Stramenopiles","Ochrophyta","Bacillariophyta","Bacillariophyta_X","Raphid-pennate","Pinnularia","Pinnularia_sp.","d103b41d1b","  0","Unallocated","class","photosynthetic"
"8d3872234b","Eukaryota","Stramenopiles","Ochrophyta","Bacillariophyta","Bacillariophyta_X","Raphid-pennate","Bacillaria","Bacillaria_paxillifer","5db6255e28","  0","Polar","class","photosynthetic"
"814086cfc6","Eukaryota","Stramenopiles","Ochrophyta","Bacillariophyta","Bacillariophyta_X","Raphid-pennate","Nitzschia","Nitzschia_sp.","f458005d3a","  1","Polar","genus","photosynthetic"
"92bd24f047","Eukaryota","Stramenopiles","Ochrophyta","Bacillariophyta","Bacillariophyta_X","Raphid-pennate","Bacillaria","Bacillaria_paxillifer","92bd24f047","  0","Unallocated","class","photosynthetic"
"31c7a76335","Eukaryota","Archaeplastida","Chlorophyta","Chlorophyceae","Chlamydomonadales","Chlamydomonadales_X","Chlamydomonas","Chlamydomonas_kuwadae","23fa558716"," 12","Unallocated","order","photosynthetic"
"bef874f250","Eukaryota","Stramenopiles","Ochrophyta","Bacillariophyta","Bacillariophyta_X","Raphid-pennate","Navicula","Navicula_sp.","bef874f250","  0","Unallocated","genus","photosynthetic"
"0811210d84","Eukaryota","Stramenopiles","Ochrophyta","Bacillariophyta","Bacillariophyta_X","Polar-centric-Mediophyceae","Thalassiosira","Thalassiosira_sp.","0cfcc1d238","  6","Polar-Temperate","genus","photosynthetic"
"cf84e379f5","Eukaryota","Stramenopiles","Ochrophyta","Bacillariophyta","Bacillariophyta_X","Polar-centric-Mediophyceae","Thalassiosira","Thalassiosira_sp.","26e2f2ef61","  3","Polar-Temperate","genus","photosynthetic"
"e297dcca19","Eukaryota","Stramenopiles","Ochrophyta","Bacillariophyta","Bacillariophyta_X","Polar-centric-Mediophyceae","Attheya","Attheya_septentrionalis","e297dcca19","  4","Unallocated","species","photosynthetic"
"ba67d116c1","Eukaryota","Stramenopiles","Ochrophyta","Bacillariophyta","Bacillariophyta_X","Raphid-pennate","Bacillaria","Bacillaria_paxillifer","cfc2399847","  0","Unallocated","class","photosynthetic"
"e854627298","Eukaryota","Stramenopiles","Ochrophyta","Bacillariophyta","Bacillariophyta_X","Raphid-pennate","Entomoneis","Entomoneis_sp.","4365442091","  0","Polar","class","photosynthetic"
"13ea9226f5","Eukaryota","Stramenopiles","Ochrophyta","Bacillariophyta","Bacillariophyta_X","Raphid-pennate","Nitzschia","Nitzschia_thermalis","13ea9226f5","  0","Unallocated","genus","photosynthetic"
"d98e2653cf","Eukaryota","Stramenopiles","Ochrophyta","Bacillariophyta","Bacillariophyta_X","Raphid-pennate","Cylindrotheca","Cylindrotheca_sp.","4174aaed2e","  2","Polar","class","photosynthetic"
"e432b3a264","Eukaryota","Stramenopiles","Ochrophyta","Bacillariophyta","Bacillariophyta_X","Raphid-pennate","Bacillaria","Bacillaria_paxillifer","e432b3a264","  0","Unallocated","class","photosynthetic"
"9bdf57a69a","Eukaryota","Hacrobia","Haptophyta","Prymnesiophyceae","Phaeocystales","Phaeocystaceae","Phaeocystis","Phaeocystis_pouchetii","9bdf57a69a","  0","Unallocated","species","photosynthetic"
"00a2ea8c4f","Eukaryota","Stramenopiles","Ochrophyta","Bacillariophyta","Bacillariophyta_X","Raphid-pennate","Entomoneis","Entomoneis_sp.","6bec646778","  1","Polar","class","photosynthetic"
"3bffe49ceb","Eukaryota","Stramenopiles","Ochrophyta","Bacillariophyta","Bacillariophyta_X","Raphid-pennate","Naviculales","Naviculales_sp.","3bffe49ceb","  0","Unallocated","class","photosynthetic"
"48e81d97ae","Eukaryota","Stramenopiles","Ochrophyta","Dictyochophyceae","Dictyochophyceae_X","Pedinellales","Helicopedinella","Helicopedinella_sp.","4442f1e991","  7","Polar-Temperate","class","photosynthetic"
"3e3cf1447e","Eukaryota","Stramenopiles","Ochrophyta","Dictyochophyceae","Dictyochophyceae_X","Pedinellales","Pedinellales_X","Pedinellales_X_sp.","db5a831998","  4","Polar","class","photosynthetic"
"ae4a53e1f4","Eukaryota","Stramenopiles","Ochrophyta","Bacillariophyta","Bacillariophyta_X","Polar-centric-Mediophyceae","Thalassiosira","Thalassiosira_anguste-lineata","07f614c867","  0","Polar-Temperate","genus","photosynthetic"
"d0f07245bd","Eukaryota","Stramenopiles","Ochrophyta","Bacillariophyta","Bacillariophyta_X","Araphid-pennate","Fragilaria","Fragilaria_sp.","380745795d","  1","Polar","genus","photosynthetic"
"7fd9e9bff9","Eukaryota","Hacrobia","Cryptophyta","Cryptophyceae","Cryptomonadales","Hemiselmidaceae","Hemiselmis","Hemiselmis_cryptochromatica","7fd9e9bff9","  0","Unallocated","order","photosynthetic"
"92b7ad6714","Eukaryota","Archaeplastida","Chlorophyta","Chlorophyceae","Chlamydomonadales","Chlamydomonadales_X","Chlamydomonas","Chlamydomonas_raudensis","9a17e013a3","  0","Polar","order","photosynthetic"
"d69534561d","Eukaryota","Stramenopiles","Ochrophyta","Bacillariophyta","Bacillariophyta_X","Raphid-pennate","Cylindrotheca","Cylindrotheca_sp.","919b6e045b","  1","Polar","class","photosynthetic"
"2c9a6ff3f2","Eukaryota","Stramenopiles","Ochrophyta","Bacillariophyta","Bacillariophyta_X","Polar-centric-Mediophyceae","Minutocellus","Minutocellus_polymorphus","099d277d8c","  6","Polar-Temperate","species","photosynthetic"
"0a6e367cea","Eukaryota","Stramenopiles","Ochrophyta","Pelagophyceae","Sarcinochrysidales","Sarcinochrysidaceae","Ankylochrysis","Ankylochrysis_sp1.","0a6e367cea","  0","Unallocated","division","photosynthetic"
"b4e6d03d7d","Eukaryota","Stramenopiles","Ochrophyta","Bacillariophyta","Bacillariophyta_X","Raphid-pennate","Naviculales","Naviculales_sp.","b4e6d03d7d","  0","Unallocated","class","photosynthetic"
"2976201d4c","Eukaryota","Stramenopiles","Ochrophyta","Bacillariophyta","Bacillariophyta_X","Polar-centric-Mediophyceae","Thalassiosira","Thalassiosira_nordenskioeldii","1142e285bf","  8","Polar-Temperate","species","photosynthetic"
"db6e61ea23","Eukaryota","Stramenopiles","Ochrophyta","Bacillariophyta","Bacillariophyta_X","Raphid-pennate","Fallacia","Fallacia_forcipata","db6e61ea23","  1","Unallocated","class","photosynthetic"
"47b84e530c","Eukaryota","Stramenopiles","Ochrophyta","Bolidophyceae","Parmales","Triparmaceae","Triparma","Triparma_laevis_clade","b55a2415e5","  5","Polar-Temperate","class","photosynthetic"
"7a1c645af8","Eukaryota","Hacrobia","Haptophyta","Pavlovophyceae","Pavlovales","Pavlovaceae","Diacronema","Diacronema_lutheri","7a1c645af8","  0","Unallocated","division","photosynthetic"
"9081f15ffb","Eukaryota","Stramenopiles","Ochrophyta","Bacillariophyta","Bacillariophyta_X","Polar-centric-Mediophyceae","Bacterosira","Bacterosira_sp.","9081f15ffb","  1","Unallocated","class","photosynthetic"
"da1a88859d","Eukaryota","Stramenopiles","Ochrophyta","Bacillariophyta","Bacillariophyta_X","Raphid-pennate","Cylindrotheca","Cylindrotheca_sp.","da1a88859d","  1","Unallocated","class","photosynthetic"
"399601b834","Eukaryota","Stramenopiles","Ochrophyta","Bacillariophyta","Bacillariophyta_X","Polar-centric-Mediophyceae","Chaetoceros","Chaetoceros_danicus","ec5c8e870a","  0","Polar-Temperate","species","photosynthetic"
"15a3691ed4","Eukaryota","Stramenopiles","Ochrophyta","Bacillariophyta","Bacillariophyta_X","Raphid-pennate","Navicula","Navicula_sp.","c90d714653","  1","Polar-Temperate","genus","photosynthetic"
"a3e9ffd447","Eukaryota","Stramenopiles","Ochrophyta","MOCH-1","MOCH-1_X","MOCH-1_XX","MOCH-1_XXX","MOCH-1_XXX_sp.","40c29e6870","  0","Polar-Temperate","class","photosynthetic"
"6b2ce23d88","Eukaryota","Stramenopiles","Ochrophyta","Bacillariophyta","Bacillariophyta_X","Raphid-pennate","Naviculales","Naviculales_sp.","fc8acfd000","  0","Polar","class","photosynthetic"
"87de7e1297","Eukaryota","Stramenopiles","Ochrophyta","Xanthophyceae","Xanthophyceae_X","Xanthophyceae_XX","Botrydiopsis","Botrydiopsis_pyrenoidosa","87de7e1297","  0","Unallocated","division","photosynthetic"
"d728136fb1","Eukaryota","Stramenopiles","Ochrophyta","Bacillariophyta","Bacillariophyta_X","Raphid-pennate","Naviculales","Naviculales_sp.","2330ac8a7d","  0","Polar","class","photosynthetic"
"cb26df8742","Eukaryota","Stramenopiles","Ochrophyta","Bacillariophyta","Bacillariophyta_X","Raphid-pennate","Haslea","Haslea_crucigera","9933a34571","  1","Unallocated","class","photosynthetic"
"9ac62ee7e2","Eukaryota","Stramenopiles","Ochrophyta","Bacillariophyta","Bacillariophyta_X","Raphid-pennate","Pseudo-nitzschia","Pseudo-nitzschia_multiseries","73137bb27e","  6","Cosmopolitan","genus","photosynthetic"
"089f8418ec","Eukaryota","Stramenopiles","Ochrophyta","Bacillariophyta","Bacillariophyta_X","Raphid-pennate","Naviculales","Naviculales_sp.","b405cd14d9","  0","Unallocated","class","photosynthetic"
"7d754681ed","Eukaryota","Stramenopiles","Ochrophyta","Bacillariophyta","Bacillariophyta_X","Araphid-pennate","Grammonema","Grammonema_striatula","8680aad0ea"," 13","Temperate","class","photosynthetic"
"c0f1a02d6b","Eukaryota","Stramenopiles","Ochrophyta","Bacillariophyta","Bacillariophyta_X","Raphid-pennate","Cylindrotheca","Cylindrotheca_closterium","13dea16db0"," 13","Cosmopolitan","species","photosynthetic"
"5645a94f33","Eukaryota","Stramenopiles","Ochrophyta","Pelagophyceae","Pelagomonadales","Pelagomonadales_clade_A","Pelagomonadales_clade_A_X","Pelagomonadales_clade_A_X_sp.","5645a94f33","  0","Unallocated","division","photosynthetic"
"8f2bdb4130","Eukaryota","Stramenopiles","Ochrophyta","MOCH-2","MOCH-2_X","MOCH-2_XX","MOCH-2_XXX","MOCH-2_XXX_sp.","8c011cec6e","  0","Polar-Temperate","class","photosynthetic"
"cd645f319c","Eukaryota","Archaeplastida","Prasinodermophyta","Prasinodermophyceae","Prasinodermales","Prasinodermaceae","Prasinoderma","Prasinoderma_sp.","20ab24386d","  0","Polar","genus","photosynthetic"
"6bd0de88ed","Eukaryota","Archaeplastida","Chlorophyta","Mamiellophyceae","Mamiellales","Mamiellaceae","Micromonas","Micromonas_polaris","6bd0de88ed","  1","Unallocated","species","photosynthetic"
"e300e91cbd","Eukaryota","Stramenopiles","Ochrophyta","Bacillariophyta","Bacillariophyta_X","Polar-centric-Mediophyceae","Thalassiosira","Thalassiosira_eccentrica","e300e91cbd","  0","Unallocated","species","photosynthetic"
"859c76a8e3","Eukaryota","Stramenopiles","Ochrophyta","Bacillariophyta","Bacillariophyta_X","Raphid-pennate","Nitzschia","Nitzschia_sigma","859c76a8e3","  0","Unallocated","species","photosynthetic"
"2c7ea9d19f","Eukaryota","Stramenopiles","Ochrophyta","Bolidophyceae","Parmales","Parmales_env_1","Parmales_env_1_X","Parmales_env_1_X_sp.","2c7ea9d19f","  0","Unallocated","class","photosynthetic"
"7f312afd66","Eukaryota","Stramenopiles","Ochrophyta","Bacillariophyta","Bacillariophyta_X","Polar-centric-Mediophyceae","Thalassiosira","Thalassiosira_rotula","233717cf0c","  9","Polar-Temperate","species","photosynthetic"
"307d348192","Eukaryota","Stramenopiles","Ochrophyta","Bacillariophyta","Bacillariophyta_X","Raphid-pennate","Pauliella","Pauliella_toeniata","b03e8c0de8","  1","Polar","class","photosynthetic"
"23bf8141ed","Eukaryota","Stramenopiles","Ochrophyta","Bolidophyceae","Parmales","Parmales_env_3","Parmales_env_3B","Parmales_env_3B_sp.","0a1f1e0b72","  0","Polar-Temperate","class","photosynthetic"
"7bdf820b47","Eukaryota","Stramenopiles","Ochrophyta","Bolidophyceae","Parmales","Parmales_env_2","Parmales_env_2_X","Parmales_env_2_X_sp.","59d506eeed","  0","Polar","class","photosynthetic"
"d61ac1ace3","Eukaryota","Stramenopiles","Ochrophyta","Pelagophyceae","Sarcinochrysidales","Sarcinochrysidaceae","Sarcinochrysis","Sarcinochrysis_marina","7e47e5d9dd","  0","Polar","division","photosynthetic"
"0e63043d86","Eukaryota","Stramenopiles","Ochrophyta","Bacillariophyta","Bacillariophyta_X","Polar-centric-Mediophyceae","Thalassiosira","Thalassiosira_antarctica","61852ebe72","  5","Polar","genus","photosynthetic"
"44c7cdeec9","Eukaryota","Stramenopiles","Ochrophyta","Bacillariophyta","Bacillariophyta_X","Raphid-pennate","Nitzschia","Nitzschia_sp.","44c7cdeec9","  0","Unallocated","genus","photosynthetic"
"214eefc396","Eukaryota","Stramenopiles","Ochrophyta","Bacillariophyta","Bacillariophyta_X","Raphid-pennate","Fallacia","Fallacia_forcipata","214eefc396","  0","Unallocated","class","photosynthetic"
"98c6724fd6","Eukaryota","Stramenopiles","Ochrophyta","Bolidophyceae","Parmales","Parmales_env_3","Parmales_env_3_X","Parmales_env_3_X_sp.","98c6724fd6","  0","Unallocated","class","photosynthetic"
"50b4e7ec26","Eukaryota","Stramenopiles","Ochrophyta","Bacillariophyta","Bacillariophyta_X","Raphid-pennate","Bacillaria","Bacillaria_paxillifer","50b4e7ec26","  0","Unallocated","class","photosynthetic"
"dbc63d164b","Eukaryota","Stramenopiles","Ochrophyta","Bolidophyceae","Parmales","Parmales_env_1","Parmales_env_1_X","Parmales_env_1_X_sp.","55848fa8ae","  0","Polar-Temperate","class","photosynthetic"
"58923a5e54","Eukaryota","Archaeplastida","Prasinodermophyta","Prasinodermophyceae","Prasinodermales","Prasinodermaceae","Prasinoderma","Prasinoderma_sp.","2d797698ac","  0","Polar","genus","photosynthetic"
"5be2174fbd","Eukaryota","Stramenopiles","Ochrophyta","Dictyochophyceae","Dictyochophyceae_X","Florenciellales","Pseudochattonella","Pseudochattonella_sp.","5609ee38b1","  0","Polar","class","photosynthetic"
"da093e6bd5","Eukaryota","Stramenopiles","Ochrophyta","Bolidophyceae","Parmales","Parmales_env_2","Parmales_env_2_X","Parmales_env_2_X_sp.","b441df60cc","  0","Unallocated","class","photosynthetic"
"aa8b23ca24","Eukaryota","Stramenopiles","Ochrophyta","Bacillariophyta","Bacillariophyta_X","Raphid-pennate","Bacillaria","Bacillaria_paxillifer","aa8b23ca24","  0","Unallocated","class","photosynthetic"
"8d52397222","Eukaryota","Stramenopiles","Ochrophyta","Bacillariophyta","Bacillariophyta_X","Raphid-pennate","Navicula","Navicula_sp.","43522bf6ad","  3","Polar","genus","photosynthetic"
"b18edf4b09","Eukaryota","Stramenopiles","Ochrophyta","Dictyochophyceae","Dictyochophyceae_X","Pedinellales","Pedinellales_X","Pedinellales_X_sp.","3c22c11002","  0","Polar-Temperate","class","photosynthetic"
"4a558184c6","Eukaryota","Stramenopiles","Ochrophyta","Bacillariophyta","Bacillariophyta_X","Raphid-pennate","Entomoneis","Entomoneis_ornata","4a558184c6","  0","Unallocated","class","photosynthetic"
"08d0947871","Eukaryota","Stramenopiles","Ochrophyta","Bacillariophyta","Bacillariophyta_X","Polar-centric-Mediophyceae","Skeletonema","Skeletonema_marinoi","7b10db2580"," 57","Polar-Temperate","species","photosynthetic"
"3db259488e","Eukaryota","Stramenopiles","Ochrophyta","Bacillariophyta","Bacillariophyta_X","Raphid-pennate","Fragilariopsis","Fragilariopsis_sublineata","9c72c02639","  3","Polar","class","photosynthetic"
"8ddd1bcb4c","Eukaryota","Stramenopiles","Ochrophyta","Bacillariophyta","Bacillariophyta_X","Radial-centric-basal-Coscinodiscophyceae","Melosira","Melosira_arctica","8ddd1bcb4c","  0","Polar","species","photosynthetic"
"19b4f273f5","Eukaryota","Stramenopiles","Ochrophyta","Bacillariophyta","Bacillariophyta_X","Polar-centric-Mediophyceae","Detonula","Detonula_confervacea","34de6f8a88","  0","Polar","species","photosynthetic"
"43f9a7517c","Eukaryota","Stramenopiles","Ochrophyta","Bacillariophyta","Bacillariophyta_X","Polar-centric-Mediophyceae","Minidiscus","Minidiscus_sp.","5bf47c0412","  6","Polar-Temperate","class","photosynthetic"
"1569a5cec7","Eukaryota","Stramenopiles","Ochrophyta","Bacillariophyta","Bacillariophyta_X","Raphid-pennate","Navicula","Navicula_sp.","11b1588284","  0","Unallocated","genus","photosynthetic"
"d1d57ff600","Eukaryota","Stramenopiles","Ochrophyta","Bacillariophyta","Bacillariophyta_X","Raphid-pennate","Amphora","Amphora_sp.","0e370e959a","  2","Polar","class","photosynthetic"
"6cc8c343d3","Eukaryota","Stramenopiles","Ochrophyta","Bacillariophyta","Bacillariophyta_X","Raphid-pennate","Bacillaria","Bacillaria_paxillifer","46c72a406e","  0","Polar","class","photosynthetic"
"b105e13582","Eukaryota","Stramenopiles","Ochrophyta","Bacillariophyta","Bacillariophyta_X","Raphid-pennate","Bacillaria","Bacillaria_paxillifer","76436fd477","  0","Unallocated","class","photosynthetic"
"5df1145ff4","Eukaryota","Stramenopiles","Ochrophyta","Bacillariophyta","Bacillariophyta_X","Raphid-pennate","Bacillaria","Bacillaria_paxillifer","9e8c1dd085","  1","Polar","class","photosynthetic"
"a98e671117","Eukaryota","Hacrobia","Haptophyta","Pavlovophyceae","Pavlovales","Pavlovaceae","Diacronema","Diacronema_lutheri","a98e671117","  0","Unallocated","division","photosynthetic"
"6b370bd394","Eukaryota","Stramenopiles","Ochrophyta","Bacillariophyta","Bacillariophyta_X","Raphid-pennate","Raphid-pennate_X","Raphid-pennate_X_sp.","6ec7d59df3","  0","Polar","class","photosynthetic"
"2f68b506ea","Eukaryota","Stramenopiles","Ochrophyta","Bacillariophyta","Bacillariophyta_X","Raphid-pennate","Bacillaria","Bacillaria_paxillifer","2f68b506ea","  0","Unallocated","class","photosynthetic"
"11b3fadc8f","Eukaryota","Stramenopiles","Ochrophyta","Bacillariophyta","Bacillariophyta_X","Raphid-pennate","Bacillaria","Bacillaria_paxillifer","7201c0cd2f","  1","Polar","class","photosynthetic"
"e371a42b1b","Eukaryota","Stramenopiles","Ochrophyta","Bacillariophyta","Bacillariophyta_X","Raphid-pennate","Bacillaria","Bacillaria_paxillifer","e371a42b1b","  0","Unallocated","class","photosynthetic"
"1723c298d7","Eukaryota","Stramenopiles","Ochrophyta","Bacillariophyta","Bacillariophyta_X","Raphid-pennate","Pseudo-nitzschia","Pseudo-nitzschia_seriata","cc098644bd","  0","Polar","genus","photosynthetic"
"6592896483","Eukaryota","Stramenopiles","Ochrophyta","Bacillariophyta","Bacillariophyta_X","Raphid-pennate","Stauroneis","Stauroneis_kriegeri","6592896483","  0","Unallocated","class","photosynthetic"
"3ceb8e8f29","Eukaryota","Stramenopiles","Ochrophyta","Bacillariophyta","Bacillariophyta_X","Raphid-pennate","Bacillaria","Bacillaria_paxillifer","355c2ad877","  0","Unallocated","class","photosynthetic"
"3a43082add","Eukaryota","Stramenopiles","Ochrophyta","Bacillariophyta","Bacillariophyta_X","Raphid-pennate","Bacillaria","Bacillaria_paxillifer","3a43082add","  0","Unallocated","class","photosynthetic"
"6868deb22e","Eukaryota","Hacrobia","Cryptophyta","Cryptophyceae","Goniomonadales","Goniomonadales_X","Goniomonas","Goniomonas_amphinema","e9e45961de","  0","Unallocated","class","photosynthetic"
"08d198307d","Eukaryota","Stramenopiles","Ochrophyta","Bacillariophyta","Bacillariophyta_X","Raphid-pennate","Naviculaceae_X","Naviculaceae_X_sp.","ec3a2cd5f2","  4","Polar","class","photosynthetic"
"68e6cfd9ef","Eukaryota","Stramenopiles","Ochrophyta","Bolidophyceae","Parmales","Parmales_env_3","Parmales_env_3_X","Parmales_env_3_X_sp.","f20c9302a9","  0","Polar","class","photosynthetic"
"fe213a3d82","Eukaryota","Stramenopiles","Ochrophyta","Bacillariophyta","Bacillariophyta_X","Polar-centric-Mediophyceae","Chaetoceros","Chaetoceros_cinctus","2bf92a5c03","  0","Polar","species","photosynthetic"
"155f784526","Eukaryota","Stramenopiles","Ochrophyta","Bacillariophyta","Bacillariophyta_X","Raphid-pennate","Pinnularia","Pinnularia_sp.","155f784526","  0","Unallocated","class","photosynthetic"
"66cfd4d7bf","Eukaryota","Stramenopiles","Ochrophyta","Bacillariophyta","Bacillariophyta_X","Raphid-pennate","Raphid-pennate_X","Raphid-pennate_X_sp.","66cfd4d7bf","  0","Unallocated","class","photosynthetic"
"9048560a21","Eukaryota","Stramenopiles","Ochrophyta","Bacillariophyta","Bacillariophyta_X","Raphid-pennate","Pseudogomphonema","Pseudogomphonema_sp.","b27e420ef0","  0","Unallocated","class","photosynthetic"
"e24b16a58d","Eukaryota","Stramenopiles","Ochrophyta","Bacillariophyta","Bacillariophyta_X","Raphid-pennate","Bacillaria","Bacillaria_paxillifer","e24b16a58d","  1","Unallocated","class","photosynthetic"
"6a4e1f3700","Eukaryota","Stramenopiles","Ochrophyta","Bolidophyceae","Parmales","Triparmaceae","Triparma","Triparma_sp.","6823b189c9","  0","Polar","class","photosynthetic"
"7375569dfa","Eukaryota","Stramenopiles","Ochrophyta","Bacillariophyta","Bacillariophyta_X","Raphid-pennate","Pleurosigma","Pleurosigma_intermedium","0e8dbd7e16","  0","Polar","genus","photosynthetic"
"0cad23ee7c","Eukaryota","Stramenopiles","Ochrophyta","Bacillariophyta","Bacillariophyta_X","Raphid-pennate","Bacillaria","Bacillaria_paxillifer","0cad23ee7c","  0","Unallocated","class","photosynthetic"
"8f01cc9c72","Eukaryota","Stramenopiles","Ochrophyta","Bacillariophyta","Bacillariophyta_X","Raphid-pennate","Bacillaria","Bacillaria_paxillifer","8f01cc9c72","  0","Unallocated","class","photosynthetic"
"c27fb4e3e3","Eukaryota","Stramenopiles","Ochrophyta","Bacillariophyta","Bacillariophyta_X","Raphid-pennate","Bacillaria","Bacillaria_paxillifer","9a13788a73","  0","Polar","class","photosynthetic"
"19375156b9","Eukaryota","Archaeplastida","Chlorophyta","Chlorodendrophyceae","Chlorodendrales","Chlorodendraceae","Chlorodendrales_XX","Chlorodendrales_XX_sp.","19375156b9","  0","Unallocated","division","photosynthetic"
"738cd02f86","Eukaryota","Stramenopiles","Ochrophyta","Bacillariophyta","Bacillariophyta_X","Raphid-pennate","Stauroneis","Stauroneis_kriegeri","738cd02f86","  0","Unallocated","class","photosynthetic"
"cdb76287bb","Eukaryota","Stramenopiles","Ochrophyta","Bacillariophyta","Bacillariophyta_X","Raphid-pennate","Cocconeis","Cocconeis_scutellum","cdb76287bb","  0","Unallocated","species","photosynthetic"
"41f0e3d947","Eukaryota","Stramenopiles","Ochrophyta","Bacillariophyta","Bacillariophyta_X","Raphid-pennate","Bacillaria","Bacillaria_paxillifer","41f0e3d947","  0","Unallocated","class","photosynthetic"
"5ca6124bd6","Eukaryota","Stramenopiles","Ochrophyta","Bacillariophyta","Bacillariophyta_X","Raphid-pennate","Stauroneis","Stauroneis_kriegeri","ac45b769a3","  0","Polar","class","photosynthetic"
"fca41d6301","Eukaryota","Hacrobia","Cryptophyta","Cryptophyceae","Goniomonadales","Goniomonadales_X","Goniomonadales_XX","Goniomonadales_XX_sp.","fca41d6301","  0","Unallocated","class","photosynthetic"
"2fb364186b","Eukaryota","Stramenopiles","Ochrophyta","Dictyochophyceae","Dictyochophyceae_X","Pedinellales","Pedinellales_X","Pedinellales_X_sp.","c33476728f","  0","Unallocated","class","photosynthetic"
"c9c918b439","Eukaryota","Archaeplastida","Chlorophyta","Chlorophyceae","Chlamydomonadales","Chlamydomonadales_X","Chlamydomonas","Chlamydomonas_raudensis","feafda2e47","  0","Polar","order","photosynthetic"
"30f9310759","Eukaryota","Stramenopiles","Ochrophyta","Bacillariophyta","Bacillariophyta_X","Raphid-pennate","Entomoneis","Entomoneis_sp.","30f9310759","  0","Unallocated","class","photosynthetic"
"4196f7ee0c","Eukaryota","Hacrobia","Cryptophyta","Cryptophyceae","Goniomonadales","Goniomonadales_X","Goniomonadales_XX","Goniomonadales_XX_sp.","734ec627ba","  0","Unallocated","class","photosynthetic"
"b4689f8fab","Eukaryota","Stramenopiles","Ochrophyta","Bacillariophyta","Bacillariophyta_X","Raphid-pennate","Bacillaria","Bacillaria_paxillifer","b4689f8fab","  0","Unallocated","class","photosynthetic"
"dbfeb8824a","Eukaryota","Stramenopiles","Ochrophyta","Bacillariophyta","Bacillariophyta_X","Radial-centric-basal-Coscinodiscophyceae","Melosira","Melosira_arctica","81c68f51a8","  0","Polar","species","photosynthetic"
"5e5d081dff","Eukaryota","Stramenopiles","Ochrophyta","Dictyochophyceae","Dictyochophyceae_X","Pedinellales","Pedinellales_X","Pedinellales_X_sp.","fe75b3e128","  0","Unallocated","class","photosynthetic"
"a46da47698","Eukaryota","Stramenopiles","Ochrophyta","Bacillariophyta","Bacillariophyta_X","Raphid-pennate","Bacillaria","Bacillaria_paxillifer","a46da47698","  0","Unallocated","class","photosynthetic"
"e452f1f6d1","Eukaryota","Stramenopiles","Ochrophyta","Bacillariophyta","Bacillariophyta_X","Radial-centric-basal-Coscinodiscophyceae","Hemidiscaceae_X","Hemidiscaceae_X_sp.","afeffab910","  2","Polar-Temperate","class","photosynthetic"
"5e6089fe1a","Eukaryota","Hacrobia","Cryptophyta","Cryptophyceae","Goniomonadales","Goniomonadales_X","Goniomonadales_XX","Goniomonadales_XX_sp.","c16ada1437","  0","Polar","class","photosynthetic"
"dd6788ac8a","Eukaryota","Stramenopiles","Ochrophyta","MOCH-2","MOCH-2_X","MOCH-2_XX","MOCH-2_XXX","MOCH-2_XXX_sp.","2303a12770","  0","Polar","class","photosynthetic"
"d33e980dfc","Eukaryota","Stramenopiles","Ochrophyta","Bacillariophyta","Bacillariophyta_X","Raphid-pennate","Bacillaria","Bacillaria_paxillifer","d33e980dfc","  0","Unallocated","class","photosynthetic"
"7cbb60fd8a","Eukaryota","Stramenopiles","Ochrophyta","Dictyochophyceae","Dictyochophyceae_X","Pedinellales","Pedinellales_X","Pedinellales_X_sp.","20e202104f","  0","Unallocated","class","photosynthetic"
"71dd50752d","Eukaryota","Stramenopiles","Ochrophyta","Bacillariophyta","Bacillariophyta_X","Raphid-pennate","Pinnularia","Pinnularia_sp.","71dd50752d","  0","Unallocated","class","photosynthetic"
"ba01d48b55","Eukaryota","Stramenopiles","Ochrophyta","Bacillariophyta","Bacillariophyta_X","Raphid-pennate","Bacillaria","Bacillaria_paxillifer","ba01d48b55","  0","Unallocated","class","photosynthetic"
"0962b2162a","Eukaryota","Stramenopiles","Ochrophyta","Bolidophyceae","Parmales","Parmales_env_2","Parmales_env_2_X","Parmales_env_2_X_sp.","0962b2162a","  0","Unallocated","class","photosynthetic"
"7816f30a69","Eukaryota","Stramenopiles","Ochrophyta","Bacillariophyta","Bacillariophyta_X","Raphid-pennate","Raphid-pennate_X","Raphid-pennate_X_sp.","7816f30a69","  0","Unallocated","class","photosynthetic"
"f8ee116ee9","Eukaryota","Hacrobia","Haptophyta","Haptophyta_Clade_HAP3","Haptophyta_Clade_HAP3_X","Haptophyta_Clade_HAP3_XX","Haptophyta_Clade_HAP3_XXX","Haptophyta_Clade_HAP3_XXX_sp.","3f2d39ca6e","  0","Polar-Temperate","division","photosynthetic"
"ee033cbb20","Eukaryota","Stramenopiles","Ochrophyta","Bacillariophyta","Bacillariophyta_X","Polar-centric-Mediophyceae","Chaetoceros","Chaetoceros_peruvianus","3757937cb1","  1","Polar-Temperate","genus","photosynthetic"
"a7d64e4f31","Eukaryota","Stramenopiles","Ochrophyta","Bacillariophyta","Bacillariophyta_X","Raphid-pennate","Bacillaria","Bacillaria_paxillifer","9ad53cd8dd","  0","Polar","class","photosynthetic"
"f529ef1d50","Eukaryota","Stramenopiles","Ochrophyta","Bacillariophyta","Bacillariophyta_X","Raphid-pennate","Pinnularia","Pinnularia_sp.","f529ef1d50","  0","Unallocated","class","photosynthetic"
"03af6c5c2a","Eukaryota","Stramenopiles","Ochrophyta","Bacillariophyta","Bacillariophyta_X","Polar-centric-Mediophyceae","Chaetoceros","Chaetoceros_contortus","03af6c5c2a","  0","Temperate","species","photosynthetic"
"941dead5a4","Eukaryota","Stramenopiles","Ochrophyta","Bacillariophyta","Bacillariophyta_X","Raphid-pennate","Bacillaria","Bacillaria_paxillifer","941dead5a4","  0","Unallocated","class","photosynthetic"
"bdff0850a5","Eukaryota","Stramenopiles","Ochrophyta","Bacillariophyta","Bacillariophyta_X","Araphid-pennate","Fragilaria","Fragilaria_sp.","3bf34301be","  1","Polar","genus","photosynthetic"
"f4ffd81915","Eukaryota","Stramenopiles","Ochrophyta","Bacillariophyta","Bacillariophyta_X","Raphid-pennate","Fragilariopsis","Fragilariopsis_cylindrus","f4ffd81915","  0","Unallocated","species","photosynthetic"
"0262f5d378","Eukaryota","Stramenopiles","Ochrophyta","Bacillariophyta","Bacillariophyta_X","Raphid-pennate","Nitzschia","Nitzschia_sp.","0262f5d378","  0","Unallocated","genus","photosynthetic"
"c7398ca8be","Eukaryota","Stramenopiles","Ochrophyta","Bacillariophyta","Bacillariophyta_X","Raphid-pennate","Bacillaria","Bacillaria_paxillifer","c7398ca8be","  1","Unallocated","class","photosynthetic"
"ea371abd18","Eukaryota","Stramenopiles","Ochrophyta","Dictyochophyceae","Dictyochophyceae_X","Pedinellales","Pedinellales_X","Pedinellales_X_sp.","ea371abd18","  0","Unallocated","class","photosynthetic"
"b76e5aab56","Eukaryota","Hacrobia","Cryptophyta","Cryptophyceae","Cryptomonadales","Hemiselmidaceae","Chroomonas","Chroomonas_coerulea","1a1bef343f"," 10","Unallocated","order","photosynthetic"
"09ae8838e5","Eukaryota","Stramenopiles","Ochrophyta","Bacillariophyta","Bacillariophyta_X","Raphid-pennate","Entomoneis","Entomoneis_ornata","ad837b2587","  0","Polar","class","photosynthetic"
"bb723980c0","Eukaryota","Stramenopiles","Ochrophyta","Bacillariophyta","Bacillariophyta_X","Raphid-pennate","Bacillaria","Bacillaria_paxillifer","bb723980c0","  0","Unallocated","class","photosynthetic"
"79c5d4caae","Eukaryota","Stramenopiles","Ochrophyta","Bolidophyceae","Parmales","Parmales_env_2","Parmales_env_2_X","Parmales_env_2_X_sp.","79c5d4caae","  0","Unallocated","class","photosynthetic"
"5bbb981322","Eukaryota","Stramenopiles","Ochrophyta","Bacillariophyta","Bacillariophyta_X","Raphid-pennate","Navicula","Navicula_cryptocephala","5bbb981322","  0","Unallocated","species","photosynthetic"
"3ffb1a9fc5","Eukaryota","Stramenopiles","Ochrophyta","Bacillariophyta","Bacillariophyta_X","Raphid-pennate","Haslea","Haslea_pseudostrearia","3ffb1a9fc5","  0","Unallocated","class","photosynthetic"
"25aef9ce91","Eukaryota","Stramenopiles","Ochrophyta","MOCH-2","MOCH-2_X","MOCH-2_XX","MOCH-2_XXX","MOCH-2_XXX_sp.","428c923de1","  0","Polar","class","photosynthetic"
"a7baaaeaa0","Eukaryota","Stramenopiles","Ochrophyta","Bacillariophyta","Bacillariophyta_X","Raphid-pennate","Bacillaria","Bacillaria_paxillifer","a7baaaeaa0","  0","Unallocated","class","photosynthetic"
"9ee1552a0a","Eukaryota","Stramenopiles","Ochrophyta","Bacillariophyta","Bacillariophyta_X","Raphid-pennate","Bacillaria","Bacillaria_paxillifer","9ee1552a0a","  0","Unallocated","class","photosynthetic"
"b429ee5ceb","Eukaryota","Stramenopiles","Ochrophyta","Bacillariophyta","Bacillariophyta_X","Raphid-pennate","Pleurosigma","Pleurosigma_intermedium","b429ee5ceb","  0","Unallocated","genus","photosynthetic"
"a8a16c0ba6","Eukaryota","Stramenopiles","Ochrophyta","Dictyochophyceae","Dictyochophyceae_X","Pedinellales","Pedinellales_X","Pedinellales_X_sp.","41b82b66fb","  0","Polar-Temperate","class","photosynthetic"
"4c26c86a53","Eukaryota","Stramenopiles","Ochrophyta","Bacillariophyta","Bacillariophyta_X","Raphid-pennate","Pinnularia","Pinnularia_sp.","4c26c86a53","  0","Unallocated","class","photosynthetic"
"3990430581","Eukaryota","Stramenopiles","Ochrophyta","Bacillariophyta","Bacillariophyta_X","Raphid-pennate","Bacillaria","Bacillaria_paxillifer","3990430581","  0","Unallocated","class","photosynthetic"
"28eca2e583","Eukaryota","Stramenopiles","Ochrophyta","Bacillariophyta","Bacillariophyta_X","Raphid-pennate","Nitzschia","Nitzschia_thermalis","38e05843d3","  0","Polar-Temperate","genus","photosynthetic"
"e41389a2d0","Eukaryota","Stramenopiles","Ochrophyta","MOCH-2","MOCH-2_X","MOCH-2_XX","MOCH-2_XXX","MOCH-2_XXX_sp.","10c0d67dea","  0","Polar","class","photosynthetic"
"d2f137cdd9","Eukaryota","Hacrobia","Cryptophyta","Cryptophyceae","Cryptomonadales","Hemiselmidaceae","Chroomonas","Chroomonas_coerulea","d2f137cdd9","  1","Unallocated","order","photosynthetic"
"e6a4e863a9","Eukaryota","Stramenopiles","Ochrophyta","Dictyochophyceae","Dictyochophyceae_X","Pedinellales","Pedinellales_X","Pedinellales_X_sp.","006406c1be","  0","Polar-Temperate","class","photosynthetic"
"ccc2f0bb68","Eukaryota","Stramenopiles","Ochrophyta","Pelagophyceae","Pelagomonadales","Pelagomonadales_clade_A","Pelagomonadales_clade_A_X","Pelagomonadales_clade_A_X_sp.","adf166cedb","  0","Unallocated","division","photosynthetic"
"af05522280","Eukaryota","Stramenopiles","Ochrophyta","MOCH-3","MOCH-3_X","MOCH-3_XX","MOCH-3_XXX","MOCH-3_XXX_sp.","2e18c3567b","  0","Unallocated","class","photosynthetic"
"7a063d4dde","Eukaryota","Stramenopiles","Ochrophyta","Bacillariophyta","Bacillariophyta_X","Raphid-pennate","Bacillaria","Bacillaria_paxillifer","7a063d4dde","  0","Unallocated","class","photosynthetic"
"e0a3ef45b8","Eukaryota","Stramenopiles","Ochrophyta","Bacillariophyta","Bacillariophyta_X","Raphid-pennate","Bacillaria","Bacillaria_paxillifer","e0a3ef45b8","  0","Unallocated","class","photosynthetic"
"d3de123852","Eukaryota","Stramenopiles","Ochrophyta","Bacillariophyta","Bacillariophyta_X","Araphid-pennate","Thalassionema","Thalassionema_sp.","d3de123852","  0","Unallocated","class","photosynthetic"
"aa5f023bfa","Eukaryota","Archaeplastida","Chlorophyta","Chlorophyceae","Chlamydomonadales","Chlamydomonadales_X","Chlamydomonas","Chlamydomonas_reginae","aa5f023bfa","  0","Unallocated","order","photosynthetic"
"7da2e6397a","Eukaryota","Stramenopiles","Ochrophyta","Bacillariophyta","Bacillariophyta_X","Raphid-pennate","Raphid-pennate_X","Raphid-pennate_X_sp.","7da2e6397a","  0","Unallocated","class","photosynthetic"
"3249b1255a","Eukaryota","Stramenopiles","Ochrophyta","Bacillariophyta","Bacillariophyta_X","Raphid-pennate","Haslea","Haslea_crucigera","0ad74fd403","  0","Unallocated","class","photosynthetic"
"cc067c054a","Eukaryota","Stramenopiles","Ochrophyta","Bolidophyceae","Parmales","Parmales_env_2","Parmales_env_2_X","Parmales_env_2_X_sp.","1fa8d9bfaa","  0","Polar","class","photosynthetic"
"f20a6ef4d6","Eukaryota","Stramenopiles","Ochrophyta","Bacillariophyta","Bacillariophyta_X","Raphid-pennate","Bacillaria","Bacillaria_paxillifer","f20a6ef4d6","  0","Unallocated","class","photosynthetic"
"a7021ae5b0","Eukaryota","Stramenopiles","Ochrophyta","MOCH-2","MOCH-2_X","MOCH-2_XX","MOCH-2_XXX","MOCH-2_XXX_sp.","a7021ae5b0","  0","Unallocated","class","photosynthetic"
"c18c1ec080","Eukaryota","Stramenopiles","Ochrophyta","Bacillariophyta","Bacillariophyta_X","Raphid-pennate","Haslea","Haslea_crucigera","c18c1ec080","  0","Unallocated","class","photosynthetic"
"e7aabfac6c","Eukaryota","Stramenopiles","Ochrophyta","MOCH-2","MOCH-2_X","MOCH-2_XX","MOCH-2_XXX","MOCH-2_XXX_sp.","baba51f381","  0","Unallocated","class","photosynthetic"
"08c9cc78ba","Eukaryota","Stramenopiles","Ochrophyta","Bacillariophyta","Bacillariophyta_X","Araphid-pennate","Hyalosynedra","Hyalosynedra_laevigata","08c9cc78ba","  0","Unallocated","class","photosynthetic"
"ef6b2a302c","Eukaryota","Stramenopiles","Ochrophyta","Bolidophyceae","Parmales","Parmales_env_2","Parmales_env_2_X","Parmales_env_2_X_sp.","ef6b2a302c","  0","Unallocated","class","photosynthetic"
"44acc0a485","Eukaryota","Stramenopiles","Ochrophyta","Bacillariophyta","Bacillariophyta_X","Raphid-pennate","Bacillaria","Bacillaria_paxillifer","44acc0a485","  0","Unallocated","class","photosynthetic"
"1ac214cc5f","Eukaryota","Stramenopiles","Ochrophyta","Bacillariophyta","Bacillariophyta_X","Raphid-pennate","Bacillaria","Bacillaria_paxillifer","1ac214cc5f","  0","Unallocated","class","photosynthetic"
"783464c44d","Eukaryota","Stramenopiles","Ochrophyta","Bolidophyceae","Parmales","Parmales_env_2","Parmales_env_2_X","Parmales_env_2_X_sp.","a9c82d462f","  0","Unallocated","class","photosynthetic"
"c281724cb5","Eukaryota","Stramenopiles","Ochrophyta","Dictyochophyceae","Dictyochophyceae_X","Pedinellales","Pseudopedinella","Pseudopedinella_sp.","21f220e2e6","  0","Polar","class","photosynthetic"
"6e70668d5d","Eukaryota","Stramenopiles","Ochrophyta","Bacillariophyta","Bacillariophyta_X","Raphid-pennate","Pinnularia","Pinnularia_sp.","6e70668d5d","  0","Unallocated","class","photosynthetic"
"13cf31939e","Eukaryota","Stramenopiles","Ochrophyta","Bacillariophyta","Bacillariophyta_X","Polar-centric-Mediophyceae","Attheya","Attheya_longicornis","72784b93ea"," 10","Polar-Temperate","species","photosynthetic"
"c1f16f4797","Eukaryota","Stramenopiles","Ochrophyta","Bacillariophyta","Bacillariophyta_X","Radial-centric-basal-Coscinodiscophyceae","Coscinodiscus","Coscinodiscus_sp.","c1f16f4797","  1","Unallocated","genus","photosynthetic"
"9fd6fb6e67","Eukaryota","Stramenopiles","Ochrophyta","Bacillariophyta","Bacillariophyta_X","Raphid-pennate","Pinnularia","Pinnularia_sp.","9fd6fb6e67","  0","Unallocated","class","photosynthetic"
"e3adb93b8f","Eukaryota","Stramenopiles","Ochrophyta","Bacillariophyta","Bacillariophyta_X","Raphid-pennate","Bacillaria","Bacillaria_paxillifer","e3adb93b8f","  0","Unallocated","class","photosynthetic"
"4b3ecbcb4f","Eukaryota","Stramenopiles","Ochrophyta","Bacillariophyta","Bacillariophyta_X","Raphid-pennate","Gyrosigma","Gyrosigma_acuminatum","4b3ecbcb4f","  0","Unallocated","species","photosynthetic"
"e4d8f084bd","Eukaryota","Stramenopiles","Ochrophyta","Bacillariophyta","Bacillariophyta_X","Polar-centric-Mediophyceae","Helicotheca","Helicotheca_sp.","e4d8f084bd","  0","Unallocated","class","photosynthetic"
"4eedcd935f","Eukaryota","Stramenopiles","Ochrophyta","Bolidophyceae","Parmales","Parmales_env_2","Parmales_env_2_X","Parmales_env_2_X_sp.","b4cd0f7b57","  0","Unallocated","class","photosynthetic"
"000d77e457","Eukaryota","Stramenopiles","Ochrophyta","Bacillariophyta","Bacillariophyta_X","Raphid-pennate","Bacillaria","Bacillaria_paxillifer","000d77e457","  0","Unallocated","class","photosynthetic"
"1b2ee2e501","Eukaryota","Stramenopiles","Ochrophyta","Dictyochophyceae","Dictyochophyceae_X","Pedinellales","Pedinellales_X","Pedinellales_X_sp.","c59dd8b84a","  0","Polar-Temperate","class","photosynthetic"
"36224e01c6","Eukaryota","Stramenopiles","Ochrophyta","Bolidophyceae","Parmales","Parmales_env_2","Parmales_env_2_X","Parmales_env_2_X_sp.","36224e01c6","  0","Unallocated","class","photosynthetic"
"23b7a8a69f","Eukaryota","Stramenopiles","Ochrophyta","Bacillariophyta","Bacillariophyta_X","Raphid-pennate","Pinnularia","Pinnularia_sp.","23b7a8a69f","  0","Unallocated","class","photosynthetic"
"40ad8fb511","Eukaryota","Stramenopiles","Ochrophyta","Bacillariophyta","Bacillariophyta_X","Raphid-pennate","Entomoneis","Entomoneis_ornata","40ad8fb511","  0","Unallocated","class","photosynthetic"
"a8189cf6a5","Eukaryota","Stramenopiles","Ochrophyta","Bacillariophyta","Bacillariophyta_X","Raphid-pennate","Pinnularia","Pinnularia_sp.","a8189cf6a5","  0","Unallocated","class","photosynthetic"
"57f337434f","Eukaryota","Stramenopiles","Ochrophyta","Bacillariophyta","Bacillariophyta_X","Araphid-pennate","Fragilaria","Fragilaria_sp.","0763ea4342","  1","Polar","genus","photosynthetic"
"f0f1f2f220","Eukaryota","Stramenopiles","Ochrophyta","Dictyochophyceae","Dictyochophyceae_X","Pedinellales","Pedinellales_X","Pedinellales_X_sp.","f0f1f2f220","  0","Unallocated","class","photosynthetic"
"c444882a9e","Eukaryota","Stramenopiles","Ochrophyta","Bacillariophyta","Bacillariophyta_X","Raphid-pennate","Raphid-pennate_X","Raphid-pennate_X_sp.","c444882a9e","  0","Unallocated","class","photosynthetic"
"044191caea","Eukaryota","Stramenopiles","Ochrophyta","Bolidophyceae","Parmales","Parmales_env_2","Parmales_env_2_X","Parmales_env_2_X_sp.","f262f7c9fa","  0","Polar","class","photosynthetic"
"1f2b41dc7b","Eukaryota","Stramenopiles","Ochrophyta","Pelagophyceae","Pelagomonadales","Pelagomonadales_clade_A","Pelagomonadales_clade_A_X","Pelagomonadales_clade_A_X_sp.","1f2b41dc7b","  0","Unallocated","division","photosynthetic"
"563994de5a","Eukaryota","Stramenopiles","Ochrophyta","Bacillariophyta","Bacillariophyta_X","Polar-centric-Mediophyceae","Chaetoceros","Chaetoceros_debilis_1","0b60fd5255","  0","Polar-Temperate","genus","photosynthetic"
"d12848ed79","Eukaryota","Hacrobia","Haptophyta","Haptophyta_Clade_HAP4","Haptophyta_Clade_HAP4_X","Haptophyta_Clade_HAP4_XX","Haptophyta_Clade_HAP4_XXX","Haptophyta_Clade_HAP4_XXX_sp.","4c43ea5bb7","  0","Polar-Temperate","division","photosynthetic"
"af6de52c72","Eukaryota","Stramenopiles","Ochrophyta","Bacillariophyta","Bacillariophyta_X","Raphid-pennate","Bacillaria","Bacillaria_paxillifer","af6de52c72","  0","Unallocated","class","photosynthetic"
"eab871ee7b","Eukaryota","Stramenopiles","Ochrophyta","Bacillariophyta","Bacillariophyta_X","Raphid-pennate","Pleurosigma","Pleurosigma_intermedium","eab871ee7b","  0","Unallocated","genus","photosynthetic"
"9b4c1463e5","Eukaryota","Stramenopiles","Ochrophyta","Bacillariophyta","Bacillariophyta_X","Raphid-pennate","Raphid-pennate_X","Raphid-pennate_X_sp.","9b4c1463e5","  0","Unallocated","class","photosynthetic"
"2c7e456a99","Eukaryota","Stramenopiles","Ochrophyta","Bacillariophyta","Bacillariophyta_X","Raphid-pennate","Bacillaria","Bacillaria_paxillifer","2c7e456a99","  0","Unallocated","class","photosynthetic"
"b5fe529634","Eukaryota","Stramenopiles","Ochrophyta","Bacillariophyta","Bacillariophyta_X","Raphid-pennate","Pinnularia","Pinnularia_sp.","b5fe529634","  0","Unallocated","class","photosynthetic"
"e6cdfe6b3b","Eukaryota","Archaeplastida","Chlorophyta","Chlorophyceae","Chlamydomonadales","Chlamydomonadales_X","Carteria","Carteria_sp.","1ef84f507d","  0","Polar","order","photosynthetic"
"9d72e84960","Eukaryota","Stramenopiles","Ochrophyta","Bacillariophyta","Bacillariophyta_X","Raphid-pennate","Bacillaria","Bacillaria_paxillifer","9d72e84960","  0","Unallocated","class","photosynthetic"
"3afaf358ee","Eukaryota","Stramenopiles","Ochrophyta","MOCH-2","MOCH-2_X","MOCH-2_XX","MOCH-2_XXX","MOCH-2_XXX_sp.","1fa3d717c9","  0","Polar","class","photosynthetic"
"8ccbe51686","Eukaryota","Stramenopiles","Ochrophyta","Dictyochophyceae","Dictyochophyceae_X","Pedinellales","Pteridomonas","Pteridomonas_danica","8ccbe51686","  0","Unallocated","class","photosynthetic"
"bbb792872c","Eukaryota","Stramenopiles","Ochrophyta","Bacillariophyta","Bacillariophyta_X","Raphid-pennate","Bacillaria","Bacillaria_paxillifer","bbb792872c","  0","Unallocated","class","photosynthetic"
"2cd0caa908","Eukaryota","Stramenopiles","Ochrophyta","Bolidophyceae","Parmales","Parmales_env_3","Parmales_env_3_X","Parmales_env_3_X_sp.","2cd0caa908","  0","Unallocated","class","photosynthetic"
"e33949d65d","Eukaryota","Stramenopiles","Ochrophyta","Bacillariophyta","Bacillariophyta_X","Raphid-pennate","Bacillaria","Bacillaria_paxillifer","e33949d65d","  0","Unallocated","class","photosynthetic"
"63cf2d7c33","Eukaryota","Archaeplastida","Chlorophyta","Chlorophyceae","Chlamydomonadales","Chlamydomonadales_X","Hafniomonas","Hafniomonas_turbinea","63cf2d7c33","  0","Unallocated","order","photosynthetic"
"eb270eff76","Eukaryota","Stramenopiles","Ochrophyta","Bolidophyceae","Parmales","Parmales_env_2","Parmales_env_2_X","Parmales_env_2_X_sp.","eb270eff76","  0","Unallocated","class","photosynthetic"
"9c0480c46c","Eukaryota","Stramenopiles","Ochrophyta","Bacillariophyta","Bacillariophyta_X","Araphid-pennate","Thalassionema","Thalassionema_frauenfeldii","9c0480c46c","  0","Unallocated","species","photosynthetic"
"a3abd70adf","Eukaryota","Archaeplastida","Chlorophyta","Ulvophyceae","Oltmansiellopsidales","Oltmansiellopsidales_X","Oltmannsiellopsis","Oltmannsiellopsis_viridis","6873a7ee71","  0","Unallocated","division","photosynthetic"
"46b9124d66","Eukaryota","Stramenopiles","Ochrophyta","Bacillariophyta","Bacillariophyta_X","Raphid-pennate","Pinnularia","Pinnularia_sp.","46b9124d66","  0","Unallocated","class","photosynthetic"
"ac0223904d","Eukaryota","Stramenopiles","Ochrophyta","Bolidophyceae","Parmales","Parmales_env_2","Parmales_env_2_X","Parmales_env_2_X_sp.","6f9c17eca4","  0","Unallocated","class","photosynthetic"
"64a5aef574","Eukaryota","Stramenopiles","Ochrophyta","Pelagophyceae","Pelagomonadales","Pelagomonadales_clade_A","Pelagomonadales_clade_A1","Pelagomonadales_clade_A1_sp.","64a5aef574","  0","Unallocated","division","photosynthetic"
"904d9eab69","Eukaryota","Stramenopiles","Ochrophyta","Bacillariophyta","Bacillariophyta_X","Raphid-pennate","Nitzschia","Nitzschia_draveillensis","904d9eab69","  0","Unallocated","genus","photosynthetic"
"18c55455ff","Eukaryota","Stramenopiles","Ochrophyta","Dictyochophyceae","Dictyochophyceae_X","Dictyochales","Dictyocha","Dictyocha_speculum","0a458dba37","  0","Polar-Temperate","species","photosynthetic"
"ec4772eac7","Eukaryota","Stramenopiles","Ochrophyta","Pelagophyceae","Pelagomonadales","Pelagomonadales_clade_A","Pelagomonadales_clade_A_X","Pelagomonadales_clade_A_X_sp.","15e97f0d23","  0","Unallocated","division","photosynthetic"
"30ba0f74a0","Eukaryota","Stramenopiles","Ochrophyta","Bacillariophyta","Bacillariophyta_X","Polar-centric-Mediophyceae","Detonula","Detonula_confervacea","30ba0f74a0","  3","Unallocated","species","photosynthetic"
"0bb040f73b","Eukaryota","Stramenopiles","Ochrophyta","Bacillariophyta","Bacillariophyta_X","Raphid-pennate","Stauroneis","Stauroneis_kriegeri","1df4b03fb9","  0","Polar","class","photosynthetic"
"d239a40879","Eukaryota","Stramenopiles","Ochrophyta","Dictyochophyceae","Dictyochophyceae_X","Florenciellales","Florenciellales_X","Florenciellales_X_sp.","d239a40879","  0","Temperate","class","photosynthetic"
"4c3ab16977","Eukaryota","Stramenopiles","Ochrophyta","Bacillariophyta","Bacillariophyta_X","Polar-centric-Mediophyceae","Chaetoceros","Chaetoceros_lorenzianus_2","a5f2e0540c","  0","Polar-Temperate","genus","photosynthetic"
"34e0a32d69","Eukaryota","Stramenopiles","Ochrophyta","Bacillariophyta","Bacillariophyta_X","Raphid-pennate","Pleurosigma","Pleurosigma_intermedium","739e583890","  0","Unallocated","genus","photosynthetic"
"a2a67a6d48","Eukaryota","Stramenopiles","Ochrophyta","Bacillariophyta","Bacillariophyta_X","Araphid-pennate","Fragilaria","Fragilaria_sp.","a2a67a6d48","  1","Unallocated","genus","photosynthetic"
"8cae06e82b","Eukaryota","Stramenopiles","Ochrophyta","Bolidophyceae","Parmales","Parmales_env_2","Parmales_env_2_X","Parmales_env_2_X_sp.","8cae06e82b","  0","Unallocated","class","photosynthetic"
"e9918536e5","Eukaryota","Stramenopiles","Ochrophyta","Bolidophyceae","Parmales","Parmales_env_3","Parmales_env_3_X","Parmales_env_3_X_sp.","e9918536e5","  0","Unallocated","class","photosynthetic"
"3fdf4f5b09","Eukaryota","Stramenopiles","Ochrophyta","MOCH-2","MOCH-2_X","MOCH-2_XX","MOCH-2_XXX","MOCH-2_XXX_sp.","993654b73c","  0","Unallocated","class","photosynthetic"
"42c2d60985","Eukaryota","Stramenopiles","Ochrophyta","Bolidophyceae","Parmales","Parmales_env_2","Parmales_env_2_X","Parmales_env_2_X_sp.","42c2d60985","  0","Unallocated","class","photosynthetic"
"90fe55015d","Eukaryota","Stramenopiles","Ochrophyta","Bacillariophyta","Bacillariophyta_X","Polar-centric-Mediophyceae","Mastodiscus","Mastodiscus_radiatus","005bcab0c2","  0","Unallocated","class","photosynthetic"
"3efe044110","Eukaryota","Stramenopiles","Ochrophyta","Bacillariophyta","Bacillariophyta_X","Raphid-pennate","Gyrosigma","Gyrosigma_limosum","3efe044110","  0","Unallocated","genus","photosynthetic"
"28f5bb0ac2","Eukaryota","Stramenopiles","Ochrophyta","Dictyochophyceae","Dictyochophyceae_X","Pedinellales","Pteridomonas","Pteridomonas_danica","884b64120e","  0","Polar-Temperate","class","photosynthetic"
"4017e58891","Eukaryota","Stramenopiles","Ochrophyta","Bacillariophyta","Bacillariophyta_X","Polar-centric-Mediophyceae","Eucampia","Eucampia_sp.","0b55872ada","  3","Polar-Temperate","class","photosynthetic"
"7f9db03633","Eukaryota","Stramenopiles","Ochrophyta","Bacillariophyta","Bacillariophyta_X","Raphid-pennate","Bacillaria","Bacillaria_paxillifer","7f9db03633","  0","Unallocated","class","photosynthetic"
"8b7b343b14","Eukaryota","Stramenopiles","Ochrophyta","Bacillariophyta","Bacillariophyta_X","Raphid-pennate","Bacillaria","Bacillaria_paxillifer","8b7b343b14","  0","Unallocated","class","photosynthetic"
"8a5b267868","Eukaryota","Stramenopiles","Ochrophyta","MOCH-2","MOCH-2_X","MOCH-2_XX","MOCH-2_XXX","MOCH-2_XXX_sp.","8a5b267868","  0","Unallocated","class","photosynthetic"
"55576aaf20","Eukaryota","Stramenopiles","Ochrophyta","Bacillariophyta","Bacillariophyta_X","Raphid-pennate","Gyrosigma","Gyrosigma_limosum","55576aaf20","  0","Unallocated","genus","photosynthetic"
"b08798ff7a","Eukaryota","Stramenopiles","Ochrophyta","Bacillariophyta","Bacillariophyta_X","Raphid-pennate","Bacillaria","Bacillaria_paxillifer","b08798ff7a","  1","Unallocated","class","photosynthetic"
"6fa6529081","Eukaryota","Stramenopiles","Ochrophyta","Bacillariophyta","Bacillariophyta_X","Raphid-pennate","Bacillaria","Bacillaria_paxillifer","6fa6529081","  0","Unallocated","class","photosynthetic"
"4f100af529","Eukaryota","Stramenopiles","Ochrophyta","Bacillariophyta","Bacillariophyta_X","Raphid-pennate","Pinnularia","Pinnularia_sp.","4f100af529","  0","Unallocated","class","photosynthetic"
"47b3ed6ecc","Eukaryota","Stramenopiles","Ochrophyta","Bolidophyceae","Parmales","Parmales_env_2","Parmales_env_2_X","Parmales_env_2_X_sp.","0b7dbf59f9","  0","Unallocated","class","photosynthetic"
"b6dec467c1","Eukaryota","Stramenopiles","Ochrophyta","Dictyochophyceae","Dictyochophyceae_X","Pedinellales","Pedinellales_X","Pedinellales_X_sp.","b6dec467c1","  0","Unallocated","class","photosynthetic"
"fe007a1481","Eukaryota","Stramenopiles","Ochrophyta","Bacillariophyta","Bacillariophyta_X","Raphid-pennate","Bacillaria","Bacillaria_paxillifer","fe007a1481","  0","Unallocated","class","photosynthetic"
"62c53f5859","Eukaryota","Stramenopiles","Ochrophyta","Bacillariophyta","Bacillariophyta_X","Raphid-pennate","Bacillaria","Bacillaria_paxillifer","62c53f5859","  0","Unallocated","class","photosynthetic"
"6441017d9b","Eukaryota","Stramenopiles","Ochrophyta","Bacillariophyta","Bacillariophyta_X","Raphid-pennate","Bacillaria","Bacillaria_paxillifer","6441017d9b","  0","Unallocated","class","photosynthetic"
"a75de96a16","Eukaryota","Hacrobia","Haptophyta","Pavlovophyceae","Pavlovales","Pavlovaceae","Diacronema","Diacronema_lutheri","6376531975","  1","Polar","division","photosynthetic"
"efaa3ab188","Eukaryota","Stramenopiles","Ochrophyta","Bacillariophyta","Bacillariophyta_X","Raphid-pennate","Pinnularia","Pinnularia_sp.","efaa3ab188","  0","Unallocated","class","photosynthetic"
"d5d3a4afca","Eukaryota","Stramenopiles","Ochrophyta","Bacillariophyta","Bacillariophyta_X","Raphid-pennate","Bacillaria","Bacillaria_paxillifer","d5d3a4afca","  0","Unallocated","class","photosynthetic"
"72828de1db","Eukaryota","Stramenopiles","Ochrophyta","Bacillariophyta","Bacillariophyta_X","Raphid-pennate","Raphid-pennate_X","Raphid-pennate_X_sp.","72828de1db","  0","Unallocated","class","photosynthetic"
"49f8245be5","Eukaryota","Archaeplastida","Prasinodermophyta","Prasinodermophyceae","Prasinodermales","Prasinodermaceae","Prasinoderma","Prasinoderma_sp.","49f8245be5","  0","Unallocated","genus","photosynthetic"
"52edc830c5","Eukaryota","Stramenopiles","Ochrophyta","Bacillariophyta","Bacillariophyta_X","Araphid-pennate","Thalassionema","Thalassionema_sp.","52edc830c5","  0","Unallocated","class","photosynthetic"
"91f0dd0c8f","Eukaryota","Stramenopiles","Ochrophyta","Bacillariophyta","Bacillariophyta_X","Raphid-pennate","Bacillaria","Bacillaria_paxillifer","91f0dd0c8f","  0","Unallocated","class","photosynthetic"
"d88019f2d3","Eukaryota","Stramenopiles","Ochrophyta","MOCH-2","MOCH-2_X","MOCH-2_XX","MOCH-2_XXX","MOCH-2_XXX_sp.","d88019f2d3","  0","Unallocated","class","photosynthetic"
"95b6f9a0fa","Eukaryota","Stramenopiles","Ochrophyta","Bacillariophyta","Bacillariophyta_X","Raphid-pennate","Bacillaria","Bacillaria_paxillifer","95b6f9a0fa","  0","Unallocated","class","photosynthetic"
"3d750b4e5c","Eukaryota","Stramenopiles","Ochrophyta","Bacillariophyta","Bacillariophyta_X","Araphid-pennate","Hyalosynedra","Hyalosynedra_laevigata","3d750b4e5c","  0","Unallocated","class","photosynthetic"
"03df0e0f4e","Eukaryota","Stramenopiles","Ochrophyta","Bolidophyceae","Parmales","Parmales_env_3","Parmales_env_3_X","Parmales_env_3_X_sp.","03df0e0f4e","  0","Unallocated","class","photosynthetic"
"e3f1299553","Eukaryota","Stramenopiles","Ochrophyta","Bolidophyceae","Parmales","Parmales_env_2","Parmales_env_2_X","Parmales_env_2_X_sp.","e3f1299553","  0","Unallocated","class","photosynthetic"
"9100ca7460","Eukaryota","Stramenopiles","Ochrophyta","Bolidophyceae","Parmales","Triparmaceae","Triparma","Triparma_strigata","9100ca7460","  0","Unallocated","class","photosynthetic"
"f1584238e4","Eukaryota","Stramenopiles","Ochrophyta","Bacillariophyta","Bacillariophyta_X","Radial-centric-basal-Coscinodiscophyceae","Asteromphalus","Asteromphalus_sp.","f1584238e4","  0","Unallocated","class","photosynthetic"
"ab58aecf3b","Eukaryota","Stramenopiles","Ochrophyta","Bacillariophyta","Bacillariophyta_X","Raphid-pennate","Raphid-pennate_X","Raphid-pennate_X_sp.","ab58aecf3b","  0","Unallocated","class","photosynthetic"
"50479e7b70","Eukaryota","Stramenopiles","Ochrophyta","Bolidophyceae","Parmales","Parmales_env_2","Parmales_env_2_X","Parmales_env_2_X_sp.","50479e7b70","  0","Unallocated","class","photosynthetic"
"2405fb2962","Eukaryota","Stramenopiles","Ochrophyta","Bacillariophyta","Bacillariophyta_X","Raphid-pennate","Bacillaria","Bacillaria_paxillifer","2405fb2962","  0","Unallocated","class","photosynthetic"
"d72b364899","Eukaryota","Stramenopiles","Ochrophyta","Bacillariophyta","Bacillariophyta_X","Polar-centric-Mediophyceae","Helicotheca","Helicotheca_sp.","d72b364899","  0","Unallocated","class","photosynthetic"
"a1eba36af1","Eukaryota","Stramenopiles","Ochrophyta","Bacillariophyta","Bacillariophyta_X","Raphid-pennate","Bacillaria","Bacillaria_paxillifer","a1eba36af1","  0","Unallocated","class","photosynthetic"
"4259bb8e68","Eukaryota","Stramenopiles","Ochrophyta","Bacillariophyta","Bacillariophyta_X","Raphid-pennate","Raphid-pennate_X","Raphid-pennate_X_sp.","4259bb8e68","  0","Unallocated","class","photosynthetic"
"cd88fc1e1e","Eukaryota","Stramenopiles","Ochrophyta","Bacillariophyta","Bacillariophyta_X","Raphid-pennate","Navicula","Navicula_cryptocephala","cd88fc1e1e","  0","Unallocated","species","photosynthetic"
"ef06d6a160","Eukaryota","Stramenopiles","Ochrophyta","Bolidophyceae","Parmales","Parmales_env_2","Parmales_env_2_X","Parmales_env_2_X_sp.","ef06d6a160","  0","Unallocated","class","photosynthetic"
"71c73e647e","Eukaryota","Stramenopiles","Ochrophyta","Dictyochophyceae","Dictyochophyceae_X","Pedinellales","Pteridomonas","Pteridomonas_danica","71c73e647e","  0","Unallocated","class","photosynthetic"
"97d39b89e8","Eukaryota","Stramenopiles","Ochrophyta","Bacillariophyta","Bacillariophyta_X","Araphid-pennate","Licmophora","Licmophora_gracilis","97d39b89e8","  0","Temperate","species","photosynthetic"
"5208c7bfc6","Eukaryota","Stramenopiles","Ochrophyta","Dictyochophyceae","Dictyochophyceae_X","Pedinellales","Pedinellales_X","Pedinellales_X_sp.","5208c7bfc6","  0","Unallocated","class","photosynthetic"
"bb8e237f8c","Eukaryota","Stramenopiles","Ochrophyta","Dictyochophyceae","Dictyochophyceae_X","Pedinellales","Pedinellales_X","Pedinellales_X_sp.","bb8e237f8c","  0","Unallocated","class","photosynthetic"
"cdc5035e04","Eukaryota","Stramenopiles","Ochrophyta","Bolidophyceae","Parmales","Parmales_env_2","Parmales_env_2_X","Parmales_env_2_X_sp.","cdc5035e04","  0","Unallocated","class","photosynthetic"
"2218218485","Eukaryota","Stramenopiles","Ochrophyta","Bacillariophyta","Bacillariophyta_X","Araphid-pennate","Thalassionema","Thalassionema_frauenfeldii","2218218485","  0","Unallocated","species","photosynthetic"
"3001ec3823","Eukaryota","Alveolata","Dinoflagellata","Dinophyceae","Gymnodiniales","Gymnodiniaceae","Amphidinium","Amphidinium_herdmanii","3001ec3823","  0","Unallocated","species","photosynthetic"
"b02a621392","Eukaryota","Stramenopiles","Ochrophyta","Dictyochophyceae","Dictyochophyceae_X","Pedinellales","Pedinellales_X","Pedinellales_X_sp.","b02a621392","  0","Unallocated","class","photosynthetic"
"3340759dd1","Eukaryota","Stramenopiles","Ochrophyta","Bacillariophyta","Bacillariophyta_X","Raphid-pennate","Bacillaria","Bacillaria_paxillifer","3340759dd1","  0","Unallocated","class","photosynthetic"
"1a56f0c018","Eukaryota","Stramenopiles","Ochrophyta","Bolidophyceae","Parmales","Parmales_env_2","Parmales_env_2_X","Parmales_env_2_X_sp.","1a56f0c018","  0","Unallocated","class","photosynthetic"
"cdf6c20364","Eukaryota","Hacrobia","Haptophyta","Haptophyta_Clade_HAP5","Haptophyta_Clade_HAP5_X","Haptophyta_Clade_HAP5_XX","Haptophyta_Clade_HAP5_XXX","Haptophyta_Clade_HAP5_XXX_sp.","07e76b8f13","  0","Polar-Temperate","division","photosynthetic"
"48fded525f","Eukaryota","Stramenopiles","Ochrophyta","Bacillariophyta","Bacillariophyta_X","Raphid-pennate","Navicula","Navicula_cryptocephala","48fded525f","  0","Unallocated","species","photosynthetic"
"95ea1e58f3","Eukaryota","Stramenopiles","Ochrophyta","Bacillariophyta","Bacillariophyta_X","Raphid-pennate","Nitzschia","Nitzschia_closterium","95ea1e58f3","  1","Unallocated","genus","photosynthetic"
"21a2a5203e","Eukaryota","Stramenopiles","Ochrophyta","Pelagophyceae","Pelagomonadales","Pelagomonadales_clade_A","Pelagomonadales_clade_A_X","Pelagomonadales_clade_A_X_sp.","21a2a5203e","  0","Unallocated","division","photosynthetic"
"51aeecdaf9","Eukaryota","Stramenopiles","Ochrophyta","Bacillariophyta","Bacillariophyta_X","Polar-centric-Mediophyceae","Chaetoceros","Chaetoceros_diadema_1","23d1f9527c","  0","Polar-Temperate","genus","photosynthetic"
"f0098438fd","Eukaryota","Stramenopiles","Ochrophyta","Bolidophyceae","Parmales","Parmales_env_2","Parmales_env_2_X","Parmales_env_2_X_sp.","f0098438fd","  0","Unallocated","class","photosynthetic"
"e9e9657e78","Eukaryota","Stramenopiles","Ochrophyta","Bolidophyceae","Parmales","Parmales_env_2","Parmales_env_2_X","Parmales_env_2_X_sp.","e9e9657e78","  0","Unallocated","class","photosynthetic"
"f83eed1eb6","Eukaryota","Stramenopiles","Ochrophyta","Bacillariophyta","Bacillariophyta_X","Raphid-pennate","Cylindrotheca","Cylindrotheca_fusiformis","f83eed1eb6","  0","Unallocated","class","photosynthetic"
"062db09b6e","Eukaryota","Stramenopiles","Ochrophyta","Bacillariophyta","Bacillariophyta_X","Raphid-pennate","Bacillaria","Bacillaria_paxillifer","062db09b6e","  0","Unallocated","class","photosynthetic"
"d4dcbec093","Eukaryota","Stramenopiles","Ochrophyta","Dictyochophyceae","Dictyochophyceae_X","Pedinellales","Pedinellales_X","Pedinellales_X_sp.","d4dcbec093","  0","Unallocated","class","photosynthetic"
"e584f0a259","Eukaryota","Stramenopiles","Ochrophyta","Bacillariophyta","Bacillariophyta_X","Polar-centric-Mediophyceae","Papiliocellulus","Papiliocellulus_elegans","e584f0a259","  0","Unallocated","class","photosynthetic"
"b99d670cfc","Eukaryota","Stramenopiles","Ochrophyta","Bacillariophyta","Bacillariophyta_X","Raphid-pennate","Bacillaria","Bacillaria_paxillifer","b99d670cfc","  0","Unallocated","class","photosynthetic"
"3569f5cd72","Eukaryota","Stramenopiles","Ochrophyta","Bolidophyceae","Parmales","Parmales_env_1","Parmales_env_1_X","Parmales_env_1_X_sp.","3569f5cd72","  0","Unallocated","class","photosynthetic"
"f577541899","Eukaryota","Stramenopiles","Ochrophyta","Bolidophyceae","Parmales","Parmales_env_3","Parmales_env_3_X","Parmales_env_3_X_sp.","f577541899","  0","Unallocated","class","photosynthetic"
"8dc67caf2a","Eukaryota","Stramenopiles","Ochrophyta","Bolidophyceae","Parmales","Parmales_env_3","Parmales_env_3_X","Parmales_env_3_X_sp.","8dc67caf2a","  0","Unallocated","class","photosynthetic"
"0502f7ba88","Eukaryota","Stramenopiles","Ochrophyta","Bolidophyceae","Parmales","Parmales_env_2","Parmales_env_2_X","Parmales_env_2_X_sp.","0502f7ba88","  0","Unallocated","class","photosynthetic"
"1fb5188c02","Eukaryota","Stramenopiles","Ochrophyta","Bolidophyceae","Parmales","Parmales_env_2","Parmales_env_2_X","Parmales_env_2_X_sp.","1fb5188c02","  0","Unallocated","class","photosynthetic"
"55545cbf36","Eukaryota","Stramenopiles","Ochrophyta","Bacillariophyta","Bacillariophyta_X","Raphid-pennate","Bacillaria","Bacillaria_paxillifer","55545cbf36","  0","Unallocated","class","photosynthetic"
"aaccf95f65","Eukaryota","Stramenopiles","Ochrophyta","Pelagophyceae","Pelagomonadales","Pelagomonadales_clade_A","Pelagomonadales_clade_A1","Pelagomonadales_clade_A1_sp.","aaccf95f65","  0","Unallocated","division","photosynthetic"
"4ce37414e7","Eukaryota","Stramenopiles","Ochrophyta","Bacillariophyta","Bacillariophyta_X","Raphid-pennate","Raphid-pennate_X","Raphid-pennate_X_sp.","4ce37414e7","  0","Unallocated","class","photosynthetic"
"671515593c","Eukaryota","Archaeplastida","Chlorophyta","Chlorophyceae","Chlamydomonadales","Chlamydomonadales_X","Chlamydomonadales_XX","Chlamydomonadales_XX_sp.","a82990c2cb","  0","Polar","order","photosynthetic"
"5cbc55311b","Eukaryota","Stramenopiles","Ochrophyta","Bacillariophyta","Bacillariophyta_X","Araphid-pennate","Thalassionema","Thalassionema_sp.","5cbc55311b","  0","Unallocated","class","photosynthetic"
"07a96c3897","Eukaryota","Hacrobia","Haptophyta","Haptophyta_X","Haptophyta_XX","Haptophyta_XXX","Haptophyta_XXXX","Haptophyta_XXXX_sp.","07a96c3897","  0","Unallocated","division","photosynthetic"
"6cc3d97003","Eukaryota","Stramenopiles","Ochrophyta","Dictyochophyceae","Dictyochophyceae_X","Florenciellales","Pseudochattonella","Pseudochattonella_sp.","c825293db3","  0","Polar-Temperate","class","photosynthetic"
"f9e69108a3","Eukaryota","Stramenopiles","Ochrophyta","MOCH-2","MOCH-2_X","MOCH-2_XX","MOCH-2_XXX","MOCH-2_XXX_sp.","f9e69108a3","  0","Unallocated","class","photosynthetic"
"c7572ada48","Eukaryota","Stramenopiles","Ochrophyta","Dictyochophyceae","Dictyochophyceae_X","Florenciellales","Florenciellales_X","Florenciellales_X_sp.","c7572ada48","  0","Unallocated","class","photosynthetic"
"f4af40b69e","Eukaryota","Stramenopiles","Ochrophyta","Bolidophyceae","Parmales","Triparmaceae","Triparma","Triparma_laevis_f._inornata","f4af40b69e","  0","Unallocated","class","photosynthetic"
"dcfe125462","Eukaryota","Stramenopiles","Ochrophyta","Bacillariophyta","Bacillariophyta_X","Raphid-pennate","Caloneis","Caloneis_silicula","dcfe125462","  0","Unallocated","species","photosynthetic"
"bf4b1bf5c0","Eukaryota","Stramenopiles","Ochrophyta","Bacillariophyta","Bacillariophyta_X","Polar-centric-Mediophyceae","Chaetoceros","Chaetoceros_peruvianus","e87b293fd9","  0","Polar","genus","photosynthetic"
"a99887771b","Eukaryota","Stramenopiles","Ochrophyta","Bolidophyceae","Parmales","Parmales_env_2","Parmales_env_2_X","Parmales_env_2_X_sp.","a99887771b","  0","Unallocated","class","photosynthetic"
"bb5c3bfe29","Eukaryota","Stramenopiles","Ochrophyta","MOCH-3","MOCH-3_X","MOCH-3_XX","MOCH-3_XXX","MOCH-3_XXX_sp.","bb5c3bfe29","  0","Unallocated","class","photosynthetic"
"9d24a8fee9","Eukaryota","Stramenopiles","Ochrophyta","Bacillariophyta","Bacillariophyta_X","Raphid-pennate","Bacillaria","Bacillaria_paxillifer","9d24a8fee9","  0","Unallocated","class","photosynthetic"
"636c12f9a9","Eukaryota","Stramenopiles","Ochrophyta","Bacillariophyta","Bacillariophyta_X","Raphid-pennate","Raphid-pennate_X","Raphid-pennate_X_sp.","636c12f9a9","  0","Unallocated","class","photosynthetic"
"812135fddc","Eukaryota","Stramenopiles","Ochrophyta","Bacillariophyta","Bacillariophyta_X","Raphid-pennate","Bacillaria","Bacillaria_paxillifer","812135fddc","  0","Unallocated","class","photosynthetic"
"521939acfc","Eukaryota","Stramenopiles","Ochrophyta","Bolidophyceae","Parmales","Parmales_env_2","Parmales_env_2_X","Parmales_env_2_X_sp.","521939acfc","  0","Unallocated","class","photosynthetic"
"63926c8a23","Eukaryota","Stramenopiles","Ochrophyta","Bacillariophyta","Bacillariophyta_X","Raphid-pennate","Raphid-pennate_X","Raphid-pennate_X_sp.","63926c8a23","  0","Unallocated","class","photosynthetic"
"4a76302b85","Eukaryota","Stramenopiles","Ochrophyta","Bolidophyceae","Parmales","Parmales_env_2","Parmales_env_2_X","Parmales_env_2_X_sp.","4a76302b85","  0","Unallocated","class","photosynthetic"
"1d52733a8a","Eukaryota","Stramenopiles","Ochrophyta","Bacillariophyta","Bacillariophyta_X","Polar-centric-Mediophyceae","Chaetoceros","Chaetoceros_decipiens","380bdc1b9c","  1","Temperate","species","photosynthetic"
"0517f735af","Eukaryota","Stramenopiles","Ochrophyta","Bacillariophyta","Bacillariophyta_X","Raphid-pennate","Bacillaria","Bacillaria_paxillifer","0517f735af","  0","Unallocated","class","photosynthetic"
"b313ae8525","Eukaryota","Stramenopiles","Ochrophyta","Bolidophyceae","Parmales","Parmales_env_2","Parmales_env_2_X","Parmales_env_2_X_sp.","b313ae8525","  0","Unallocated","class","photosynthetic"
"d3c1cdca37","Eukaryota","Stramenopiles","Ochrophyta","Bacillariophyta","Bacillariophyta_X","Raphid-pennate","Bacillaria","Bacillaria_paxillifer","d3c1cdca37","  0","Unallocated","class","photosynthetic"
"50c06d21ad","Eukaryota","Stramenopiles","Ochrophyta","Bacillariophyta","Bacillariophyta_X","Raphid-pennate","Bacillaria","Bacillaria_paxillifer","50c06d21ad","  0","Unallocated","class","photosynthetic"
"b259c4001a","Eukaryota","Stramenopiles","Ochrophyta","Bolidophyceae","Parmales","Parmales_env_2","Parmales_env_2_X","Parmales_env_2_X_sp.","b259c4001a","  0","Unallocated","class","photosynthetic"
"54045e8d4b","Eukaryota","Archaeplastida","Chlorophyta","Chlorophyceae","Chlamydomonadales","Chlamydomonadales_X","Chlamydomonas","Chlamydomonas_raudensis","54045e8d4b","  0","Unallocated","order","photosynthetic"
"8bb4eca981","Eukaryota","Archaeplastida","Prasinodermophyta","Prasinodermophyceae","Prasinodermales","Prasinodermaceae","Prasinoderma","Prasinoderma_sp.","8bb4eca981","  0","Unallocated","genus","photosynthetic"
"b9a53e7044","Eukaryota","Stramenopiles","Ochrophyta","Dictyochophyceae","Dictyochophyceae_X","Pedinellales","Helicopedinella","Helicopedinella_sp.","b9a53e7044","  0","Unallocated","class","photosynthetic"
"9b600b49aa","Eukaryota","Stramenopiles","Ochrophyta","Bacillariophyta","Bacillariophyta_X","Raphid-pennate","Cocconeis","Cocconeis_stauroneiformis","9b600b49aa","  0","Unallocated","class","photosynthetic"
"24146cc1fb","Eukaryota","Archaeplastida","Prasinodermophyta","Prasinodermophyceae","Prasinodermales","Prasinodermaceae","Prasinoderma","Prasinoderma_sp.","24146cc1fb","  0","Unallocated","genus","photosynthetic"
"7240bac35f","Eukaryota","Stramenopiles","Ochrophyta","Bolidophyceae","Parmales","Parmales_env_2","Parmales_env_2_X","Parmales_env_2_X_sp.","7240bac35f","  0","Unallocated","class","photosynthetic"
"f31936a8b9","Eukaryota","Alveolata","Dinoflagellata","Dinophyceae","Gymnodiniales","Gymnodiniaceae","Amphidinium","Amphidinium_herdmanii","f31936a8b9","  0","Unallocated","species","photosynthetic"
"a56c99ed50","Eukaryota","Archaeplastida","Chlorophyta","Chlorophyceae","Chlamydomonadales","Chlamydomonadales_X","Chlamydomonas","Chlamydomonas_rotula","a56c99ed50","  0","Unallocated","order","photosynthetic"
"97a5b633b0","Eukaryota","Stramenopiles","Ochrophyta","Bolidophyceae","Parmales","Triparmaceae","Triparma","Triparma_strigata","97a5b633b0","  0","Unallocated","class","photosynthetic"
"c4b0944f2d","Eukaryota","Stramenopiles","Ochrophyta","Bacillariophyta","Bacillariophyta_X","Raphid-pennate","Bacillaria","Bacillaria_paxillifer","c4b0944f2d","  0","Unallocated","class","photosynthetic"
"84e14e1c92","Eukaryota","Stramenopiles","Ochrophyta","Bacillariophyta","Bacillariophyta_X","Raphid-pennate","Raphid-pennate_X","Raphid-pennate_X_sp.","84e14e1c92","  0","Unallocated","class","photosynthetic"
"1e27076c20","Eukaryota","Stramenopiles","Ochrophyta","Bacillariophyta","Bacillariophyta_X","Polar-centric-Mediophyceae","Chaetoceros","Chaetoceros_decipiens","9b2479b121","  2","Polar-Temperate","species","photosynthetic"
"ce7d94bc7f","Eukaryota","Stramenopiles","Ochrophyta","Bolidophyceae","Parmales","Parmales_env_2","Parmales_env_2_X","Parmales_env_2_X_sp.","ce7d94bc7f","  0","Unallocated","class","photosynthetic"
"b24e1292e5","Eukaryota","Stramenopiles","Ochrophyta","Eustigmatophyceae","Eustigmatophyceae_X","Eustigmatophyceae_XX","Nannochloropsis","Nannochloropsis_CCMP505","b24e1292e5","  0","Unallocated","class","photosynthetic"
"9e2286ef32","Eukaryota","Stramenopiles","Ochrophyta","Bacillariophyta","Bacillariophyta_X","Polar-centric-Mediophyceae","Chaetoceros","Chaetoceros_peruvianus","9e2286ef32","  0","Unallocated","genus","photosynthetic"
"23f3029885","Eukaryota","Stramenopiles","Ochrophyta","MOCH-1","MOCH-1_X","MOCH-1_XX","MOCH-1_XXX","MOCH-1_XXX_sp.","23f3029885","  0","Unallocated","class","photosynthetic"
"163c341625","Eukaryota","Stramenopiles","Ochrophyta","Bolidophyceae","Parmales","Parmales_env_3","Parmales_env_3_X","Parmales_env_3_X_sp.","163c341625","  0","Unallocated","class","photosynthetic"
"d19712299e","Eukaryota","Stramenopiles","Ochrophyta","Bacillariophyta","Bacillariophyta_X","Radial-centric-basal-Coscinodiscophyceae","Melosira","Melosira_arctica","d19712299e","  0","Unallocated","species","photosynthetic"
"8a4c11fbff","Eukaryota","Stramenopiles","Ochrophyta","Bacillariophyta","Bacillariophyta_X","Radial-centric-basal-Coscinodiscophyceae","Rhizosolenia","Rhizosolenia_imbricata_var_shrubsolei","59710492aa","  0","Polar-Temperate","genus","photosynthetic"
"1957ce7ea4","Eukaryota","Hacrobia","Cryptophyta","Cryptophyceae","Cryptomonadales","Cryptomonadales_X","Baffinella","Baffinella_frigidus","1957ce7ea4","  1","Unallocated","order","photosynthetic"
"cd8b8fa2a5","Eukaryota","Stramenopiles","Ochrophyta","Bacillariophyta","Bacillariophyta_X","Raphid-pennate","Nitzschia","Nitzschia_thermalis","cd8b8fa2a5","  0","Unallocated","genus","photosynthetic"
"6a3694cf08","Eukaryota","Hacrobia","Haptophyta","Haptophyta_Clade_HAP3","Haptophyta_Clade_HAP3_X","Haptophyta_Clade_HAP3_XX","Haptophyta_Clade_HAP3_XXX","Haptophyta_Clade_HAP3_XXX_sp.","ef06afb5cd","  0","Polar-Temperate","division","photosynthetic"
"fa4cb98640","Eukaryota","Stramenopiles","Ochrophyta","Dictyochophyceae","Dictyochophyceae_X","Pedinellales","Pedinellales_X","Pedinellales_X_sp.","fa4cb98640","  0","Unallocated","class","photosynthetic"
"005f53d7a3","Eukaryota","Stramenopiles","Ochrophyta","Bolidophyceae","Parmales","Parmales_env_2","Parmales_env_2_X","Parmales_env_2_X_sp.","005f53d7a3","  0","Unallocated","class","photosynthetic"
"12a5b75580","Eukaryota","Stramenopiles","Ochrophyta","Bacillariophyta","Bacillariophyta_X","Polar-centric-Mediophyceae","Pierrecomperia","Pierrecomperia_catenuloides","12a5b75580","  0","Unallocated","class","photosynthetic"
"714b9cf601","Eukaryota","Stramenopiles","Ochrophyta","Bacillariophyta","Bacillariophyta_X","Raphid-pennate","Raphid-pennate_X","Raphid-pennate_X_sp.","714b9cf601","  0","Unallocated","class","photosynthetic"
"010d3fa201","Eukaryota","Stramenopiles","Ochrophyta","Bacillariophyta","Bacillariophyta_X","Raphid-pennate","Naviculaceae_X","Naviculaceae_X_sp.","010d3fa201","  0","Unallocated","class","photosynthetic"
"97bf087f45","Eukaryota","Stramenopiles","Ochrophyta","Bolidophyceae","Parmales","Parmales_env_2","Parmales_env_2_X","Parmales_env_2_X_sp.","97bf087f45","  0","Unallocated","class","photosynthetic"
"444290e2c5","Eukaryota","Hacrobia","Haptophyta","Haptophyta_Clade_HAP5","Haptophyta_Clade_HAP5_X","Haptophyta_Clade_HAP5_XX","Haptophyta_Clade_HAP5_XXX","Haptophyta_Clade_HAP5_XXX_sp.","ac1dd70d97","  0","Cosmopolitan","division","photosynthetic"
"61c2e54ef5","Eukaryota","Stramenopiles","Ochrophyta","Dictyochophyceae","Dictyochophyceae_X","Pedinellales","Pteridomonas","Pteridomonas_danica","61c2e54ef5","  0","Unallocated","class","photosynthetic"
"e2aca1d720","Eukaryota","Stramenopiles","Ochrophyta","Bacillariophyta","Bacillariophyta_X","Araphid-pennate","Hyalosynedra","Hyalosynedra_laevigata","e2aca1d720","  0","Unallocated","class","photosynthetic"
"47c6229df2","Eukaryota","Stramenopiles","Ochrophyta","Dictyochophyceae","Dictyochophyceae_X","Pedinellales","Pedinellales_X","Pedinellales_X_sp.","47c6229df2","  0","Unallocated","class","photosynthetic"
"0c8ae0bbfc","Eukaryota","Stramenopiles","Ochrophyta","Bolidophyceae","Parmales","Parmales_env_2","Parmales_env_2_X","Parmales_env_2_X_sp.","0c8ae0bbfc","  0","Unallocated","class","photosynthetic"
"1d1bf891d2","Eukaryota","Stramenopiles","Ochrophyta","Bolidophyceae","Parmales","Parmales_env_2","Parmales_env_2_X","Parmales_env_2_X_sp.","1d1bf891d2","  0","Unallocated","class","photosynthetic"
"6badd1d22b","Eukaryota","Archaeplastida","Chlorophyta","Chlorophyceae","Chlamydomonadales","Chlamydomonadales_X","Carteria","Carteria_sp.","6badd1d22b","  0","Unallocated","order","photosynthetic"
"819ebd90d6","Eukaryota","Stramenopiles","Ochrophyta","Bolidophyceae","Parmales","Parmales_env_3","Parmales_env_3_X","Parmales_env_3_X_sp.","819ebd90d6","  0","Unallocated","class","photosynthetic"
"bad5804101","Eukaryota","Stramenopiles","Ochrophyta","Bacillariophyta","Bacillariophyta_X","Raphid-pennate","Cocconeis","Cocconeis_stauroneiformis","bad5804101","  0","Unallocated","class","photosynthetic"
"1a57c3adb1","Eukaryota","Stramenopiles","Ochrophyta","Bacillariophyta","Bacillariophyta_X","Araphid-pennate","Grammatophora","Grammatophora_oceanica","1a57c3adb1","  0","Unallocated","class","photosynthetic"
"db364ed9a8","Eukaryota","Stramenopiles","Ochrophyta","Dictyochophyceae","Dictyochophyceae_X","Pedinellales","Pseudopedinella","Pseudopedinella_sp.","db364ed9a8","  0","Unallocated","class","photosynthetic"
"e998e61af7","Eukaryota","Stramenopiles","Ochrophyta","Bacillariophyta","Bacillariophyta_X","Raphid-pennate","Amphora","Amphora_sp.","e998e61af7","  0","Unallocated","class","photosynthetic"
"8ff82fd8ce","Eukaryota","Hacrobia","Cryptophyta","Cryptophyceae","Goniomonadales","Goniomonadales_X","Goniomonas","Goniomonas_amphinema","8ff82fd8ce","  0","Unallocated","class","photosynthetic"
"1dcbac6ce1","Eukaryota","Stramenopiles","Ochrophyta","MOCH-2","MOCH-2_X","MOCH-2_XX","MOCH-2_XXX","MOCH-2_XXX_sp.","4f18cc8768","  0","Polar","class","photosynthetic"
"2c1a74bf9f","Eukaryota","Stramenopiles","Ochrophyta","Bolidophyceae","Parmales","Parmales_env_2","Parmales_env_2_X","Parmales_env_2_X_sp.","2c1a74bf9f","  0","Unallocated","class","photosynthetic"
"d3d5142139","Eukaryota","Stramenopiles","Ochrophyta","Bolidophyceae","Parmales","Parmales_env_2","Parmales_env_2_X","Parmales_env_2_X_sp.","d3d5142139","  0","Unallocated","class","photosynthetic"
"28a8401d2e","Eukaryota","Stramenopiles","Ochrophyta","Bacillariophyta","Bacillariophyta_X","Polar-centric-Mediophyceae","Bacterosira","Bacterosira_sp.","28a8401d2e","  0","Unallocated","class","photosynthetic"
"852aff86c3","Eukaryota","Stramenopiles","Ochrophyta","Bacillariophyta","Bacillariophyta_X","Radial-centric-basal-Coscinodiscophyceae","Coscinodiscus","Coscinodiscus_sp.","852aff86c3","  0","Unallocated","genus","photosynthetic"
"6450053a3e","Eukaryota","Stramenopiles","Ochrophyta","Bacillariophyta","Bacillariophyta_X","Raphid-pennate","Bacillaria","Bacillaria_paxillifer","6450053a3e","  0","Unallocated","class","photosynthetic"
"bd711a46d5","Eukaryota","Stramenopiles","Ochrophyta","Bacillariophyta","Bacillariophyta_X","Polar-centric-Mediophyceae","Attheya","Attheya_septentrionalis","bd711a46d5","  4","Unallocated","species","photosynthetic"
"4922ae0f93","Eukaryota","Stramenopiles","Ochrophyta","Bacillariophyta","Bacillariophyta_X","Polar-centric-Mediophyceae","Papiliocellulus","Papiliocellulus_elegans","4922ae0f93","  0","Unallocated","class","photosynthetic"
"68418f5771","Eukaryota","Hacrobia","Haptophyta","Pavlovophyceae","Pavlovales","Pavlovaceae","Diacronema","Diacronema_lutheri","68418f5771","  0","Unallocated","division","photosynthetic"
"2cb21082b2","Eukaryota","Stramenopiles","Ochrophyta","Dictyochophyceae","Dictyochophyceae_X","Florenciellales","Pseudochattonella","Pseudochattonella_sp.","2cb21082b2","  0","Unallocated","class","photosynthetic"
"3aefd55828","Eukaryota","Archaeplastida","Chlorophyta","Ulvophyceae","Oltmansiellopsidales","Oltmansiellopsidales_X","Oltmannsiellopsis","Oltmannsiellopsis_viridis","3aefd55828","  0","Unallocated","division","photosynthetic"
"770a8b583b","Eukaryota","Stramenopiles","Ochrophyta","Bacillariophyta","Bacillariophyta_X","Raphid-pennate","Bacillaria","Bacillaria_paxillifer","770a8b583b","  0","Unallocated","class","photosynthetic"
"6c8b3c8bd5","Eukaryota","Stramenopiles","Ochrophyta","Bacillariophyta","Bacillariophyta_X","Polar-centric-Mediophyceae","Chaetoceros","Chaetoceros_cinctus","6c8b3c8bd5","  0","Unallocated","species","photosynthetic"
"ac4cc19601","Eukaryota","Archaeplastida","Chlorophyta","Prasino-Clade-VIII","Prasino-Clade-VIII_X","Prasino-Clade-VIII_XX","Prasino-Clade-VIII_XXX","Prasino-Clade-VIII_XXX_sp.","ac4cc19601","  0","Unallocated","class","photosynthetic"
"cf00ed36ef","Eukaryota","Stramenopiles","Ochrophyta","Dictyochophyceae","Dictyochophyceae_X","Florenciellales","Pseudochattonella","Pseudochattonella_sp.","cf00ed36ef","  0","Unallocated","class","photosynthetic"
"82c0d96d2c","Eukaryota","Stramenopiles","Ochrophyta","Bacillariophyta","Bacillariophyta_X","Raphid-pennate","Bacillaria","Bacillaria_paxillifer","82c0d96d2c","  0","Unallocated","class","photosynthetic"
"4b5f4bb4a4","Eukaryota","Stramenopiles","Ochrophyta","Bacillariophyta","Bacillariophyta_X","Radial-centric-basal-Coscinodiscophyceae","Coscinodiscus","Coscinodiscus_sp.","4b5f4bb4a4","  0","Unallocated","genus","photosynthetic"
"5ee77f5da1","Eukaryota","Stramenopiles","Ochrophyta","Dictyochophyceae","Dictyochophyceae_X","Pedinellales","Pedinellales_X","Pedinellales_X_sp.","5ee77f5da1","  0","Unallocated","class","photosynthetic"
"c712f62870","Eukaryota","Stramenopiles","Ochrophyta","Bacillariophyta","Bacillariophyta_X","Raphid-pennate","Cylindrotheca","Cylindrotheca_sp.","c712f62870","  0","Unallocated","class","photosynthetic"
"b1dafce7a0","Eukaryota","Stramenopiles","Ochrophyta","Bolidophyceae","Parmales","Parmales_env_2","Parmales_env_2_X","Parmales_env_2_X_sp.","b1dafce7a0","  0","Unallocated","class","photosynthetic"
"9fc8cc7f6b","Eukaryota","Stramenopiles","Ochrophyta","Bacillariophyta","Bacillariophyta_X","Araphid-pennate","Synedropsis","Synedropsis_recta","9fc8cc7f6b","  0","Unallocated","class","photosynthetic"
"2b19b622c1","Eukaryota","Stramenopiles","Ochrophyta","Dictyochophyceae","Dictyochophyceae_X","Pedinellales","Pedinellales_X","Pedinellales_X_sp.","2b19b622c1","  0","Unallocated","class","photosynthetic"
"8326d13182","Eukaryota","Stramenopiles","Ochrophyta","Dictyochophyceae","Dictyochophyceae_X","Pedinellales","Pedinellales_X","Pedinellales_X_sp.","8326d13182","  0","Unallocated","class","photosynthetic"
"17c16f7f3e","Eukaryota","Stramenopiles","Ochrophyta","Bacillariophyta","Bacillariophyta_X","Raphid-pennate","Nitzschia","Nitzschia_inconspicua","17c16f7f3e","  0","Unallocated","genus","photosynthetic"
"01e1ca775c","Eukaryota","Stramenopiles","Ochrophyta","Bolidophyceae","Parmales","Parmales_env_3","Parmales_env_3_X","Parmales_env_3_X_sp.","01e1ca775c","  0","Unallocated","class","photosynthetic"
"e4cd93ce6e","Eukaryota","Stramenopiles","Ochrophyta","Bacillariophyta","Bacillariophyta_X","Radial-centric-basal-Coscinodiscophyceae","Coscinodiscus","Coscinodiscus_sp.","e4cd93ce6e","  1","Unallocated","genus","photosynthetic"
"ce3b6a94aa","Eukaryota","Stramenopiles","Ochrophyta","Dictyochophyceae","Dictyochophyceae_X","Dictyochales","Dictyocha","Dictyocha_speculum","ce3b6a94aa","  0","Unallocated","species","photosynthetic"
"0fe5fed8c1","Eukaryota","Stramenopiles","Ochrophyta","Pelagophyceae","Sarcinochrysidales","Sarcinochrysidaceae","Ankylochrysis","Ankylochrysis_sp.","0fe5fed8c1","  1","Unallocated","division","photosynthetic"
"8dd8c2b280","Eukaryota","Stramenopiles","Ochrophyta","Bacillariophyta","Bacillariophyta_X","Polar-centric-Mediophyceae","Thalassiosira","Thalassiosira_oestrupii","8dd8c2b280","  0","Unallocated","genus","photosynthetic"
"7d31988dea","Eukaryota","Stramenopiles","Ochrophyta","Phaeothamniophyceae","Phaeothamniales","Phaeothamniales_X","Phaeoschizochlamys","Phaeoschizochlamys_mucosa","7d31988dea","  0","Unallocated","division","photosynthetic"
"c02cb81ca5","Eukaryota","Stramenopiles","Ochrophyta","Bolidophyceae","Parmales","Parmales_env_2","Parmales_env_2_X","Parmales_env_2_X_sp.","c02cb81ca5","  0","Unallocated","class","photosynthetic"
"907ca0a1f2","Eukaryota","Hacrobia","Haptophyta","Prymnesiophyceae","Phaeocystales","Phaeocystaceae","Phaeocystis","Phaeocystis_pouchetii","907ca0a1f2","  0","Unallocated","species","photosynthetic"
"4727e61e82","Eukaryota","Stramenopiles","Ochrophyta","Bolidophyceae","Parmales","Parmales_env_2","Parmales_env_2_X","Parmales_env_2_X_sp.","4727e61e82","  0","Unallocated","class","photosynthetic"
"f08ed1acef","Eukaryota","Hacrobia","Cryptophyta","Cryptophyceae","Goniomonadales","Goniomonadales_X","Goniomonas","Goniomonas_amphinema","f08ed1acef","  0","Unallocated","class","photosynthetic"
"605e23f582","Eukaryota","Archaeplastida","Chlorophyta","Ulvophyceae","Ulvales-relatives","Ulvales-relatives_X","Acrochaete","Acrochaete_leptochaete","605e23f582","  0","Unallocated","division","photosynthetic"
"05e357d289","Eukaryota","Stramenopiles","Ochrophyta","Bacillariophyta","Bacillariophyta_X","Raphid-pennate","Nitzschia","Nitzschia_filiformis","05e357d289","  0","Unallocated","genus","photosynthetic"
"48ed1a5484","Eukaryota","Stramenopiles","Ochrophyta","Bacillariophyta","Bacillariophyta_X","Raphid-pennate","Bacillaria","Bacillaria_paxillifer","48ed1a5484","  0","Unallocated","class","photosynthetic"
"89a66a4ed3","Eukaryota","Stramenopiles","Ochrophyta","Bacillariophyta","Bacillariophyta_X","Polar-centric-Mediophyceae","Porosira","Porosira_sp.","89a66a4ed3","  0","Unallocated","class","photosynthetic"
"ed25dc078f","Eukaryota","Archaeplastida","Chlorophyta","Ulvophyceae","Ulvophyceae_X","Ulvophyceae_XX","Ulvophyceae_XXX","Ulvophyceae_XXX_sp.","ed25dc078f","  0","Unallocated","division","photosynthetic"
"031adbbe1f","Eukaryota","Stramenopiles","Ochrophyta","Bacillariophyta","Bacillariophyta_X","Raphid-pennate","Bacillaria","Bacillaria_paxillifer","031adbbe1f","  0","Unallocated","class","photosynthetic"
"e1bf2018f0","Eukaryota","Hacrobia","Haptophyta","Prymnesiophyceae","Phaeocystales","Phaeocystaceae","Phaeocystis","Phaeocystis_pouchetii","e1bf2018f0","  0","Unallocated","species","photosynthetic"
"7e687fa0fa","Eukaryota","Stramenopiles","Ochrophyta","Dictyochophyceae","Dictyochophyceae_X","Pedinellales","Apedinella","Apedinella_radians","7e687fa0fa","  0","Unallocated","species","photosynthetic"
"baca2f4411","Eukaryota","Stramenopiles","Ochrophyta","Bacillariophyta","Bacillariophyta_X","Polar-centric-Mediophyceae","Thalassiosira","Thalassiosira_oestrupii","baca2f4411","  0","Unallocated","genus","photosynthetic"
"304cf2ba0b","Eukaryota","Stramenopiles","Ochrophyta","Bacillariophyta","Bacillariophyta_X","Polar-centric-Mediophyceae","Thalassiosira","Thalassiosira_oestrupii","304cf2ba0b","  0","Unallocated","genus","photosynthetic"
"8d452c826d","Eukaryota","Hacrobia","Cryptophyta","Cryptophyceae","Cryptomonadales","Cryptomonadales_X","Teleaulax","Teleaulax_gracilis","8d452c826d","  0","Unallocated","order","photosynthetic"
"083ba8627c","Eukaryota","Stramenopiles","Ochrophyta","Bolidophyceae","Parmales","Parmales_env_3","Parmales_env_3_X","Parmales_env_3_X_sp.","083ba8627c","  0","Unallocated","class","photosynthetic"
"ac291c7ab7","Eukaryota","Stramenopiles","Ochrophyta","Bolidophyceae","Parmales","Parmales_env_2","Parmales_env_2_X","Parmales_env_2_X_sp.","ac291c7ab7","  0","Unallocated","class","photosynthetic"
"a025bb454c","Eukaryota","Stramenopiles","Ochrophyta","Bolidophyceae","Parmales","Parmales_env_2","Parmales_env_2_X","Parmales_env_2_X_sp.","a025bb454c","  0","Unallocated","class","photosynthetic"
"b1f952d7e8","Eukaryota","Stramenopiles","Ochrophyta","Bacillariophyta","Bacillariophyta_X","Raphid-pennate","Stauroneis","Stauroneis_kriegeri","b1f952d7e8","  0","Unallocated","class","photosynthetic"
"81fa2352b1","Eukaryota","Stramenopiles","Ochrophyta","Bacillariophyta","Bacillariophyta_X","Raphid-pennate","Raphid-pennate_X","Raphid-pennate_X_sp.","81fa2352b1","  0","Unallocated","class","photosynthetic"
