"","dataset_id","sample_id","file_name","sample_name","sample_code","metadata_code","replicate","DNA_RNA","fraction_name","fraction_name_original","fraction_min","fraction_max","sample_sorting","reads_total","metadata_id","project","cruise","station_id","station_id_num","year","date","depth_level","depth","depth_range","substrate","substrate_description","experiment_name","experiment_time","experiment_time_unit","experiment_bottle","experiment_condition","latitude","longitude","site_name","oceanic_region","bottom_depth","temperature","salinity","NO3","bact_ml","peuk_ml","neuk_ml","metadata_remark","dataset_code","dataset_name","gene","gene_region","organelle","region","ecosystem","substrate_type","processing_pipeline_original","time_series","processing_pipeline_metapr2","processing_date","sequencing_technology","sequencing_type","sequencing_company","sequencing_run_name","lat_min","lat_max","long_min","long_max","sample_number","data_available","dataset_remark","reads_corrected_total","reads_corrected_photo","bloom_stage","cluster","bloom_cluster"
"DNA.GE.IC.10",21,1800,NA,"10","DNA-GE-IC-10","GE-IC-2016-144-6",NA,"DNA","nano","3 - 20 um",3,20,NA,23792,1690,"Green Edge",NA,"Ice Camp",NA,2016,"2016-05-23","WATER_4",40,NA,"water","under ice water",NA,NA,NA,NA,NA,67.4797,-63.7895,"Qikiqtarjuaq","Baffin Bay",NA,NA,NA,NA,NA,NA,NA,NA,"GE_IC_Set_1_filt","Green Edge IC set 1 - filters and LS experiment","18S rRNA","V4","nucleus","Arctic Ocean","oceanic","water","",1,"dada2","2019-06-24","Illumina","2x250","Toulouse","Piscosouth 2 2018-09-30",67.4797,67.4797,-63.7895,-63.7895,384,0,"Contains: cDNA and DNA from filtered samples and from Light Stress experiment",23792,3954,"Stage_I","water - Stage_I","Stage_I"
"DNA.GE.IC.101",21,1891,NA,"101","DNA-GE-IC-101","GE-IC-2016-130-2",NA,"DNA","pico","0.2 - 3 um",0.2,3,NA,17867,1637,"Green Edge",NA,"Ice Camp",NA,2016,"2016-05-09","WATER_1",1.5,NA,"water","under ice water",NA,NA,NA,NA,NA,67.4797,-63.7895,"Qikiqtarjuaq","Baffin Bay",NA,NA,NA,NA,NA,NA,NA,NA,"GE_IC_Set_1_filt","Green Edge IC set 1 - filters and LS experiment","18S rRNA","V4","nucleus","Arctic Ocean","oceanic","water","",1,"dada2","2019-06-24","Illumina","2x250","Toulouse","Piscosouth 2 2018-09-30",67.4797,67.4797,-63.7895,-63.7895,384,0,"Contains: cDNA and DNA from filtered samples and from Light Stress experiment",17867,1662,"Stage_I","water - Stage_I","Stage_I"
"DNA.GE.IC.102",21,1892,NA,"102","DNA-GE-IC-102","GE-IC-2016-130-3",NA,"DNA","pico","0.2 - 3 um",0.2,3,NA,35249,1638,"Green Edge",NA,"Ice Camp",NA,2016,"2016-05-09","WATER_2",5,NA,"water","under ice water",NA,NA,NA,NA,NA,67.4797,-63.7895,"Qikiqtarjuaq","Baffin Bay",NA,NA,NA,NA,NA,NA,NA,NA,"GE_IC_Set_1_filt","Green Edge IC set 1 - filters and LS experiment","18S rRNA","V4","nucleus","Arctic Ocean","oceanic","water","",1,"dada2","2019-06-24","Illumina","2x250","Toulouse","Piscosouth 2 2018-09-30",67.4797,67.4797,-63.7895,-63.7895,384,0,"Contains: cDNA and DNA from filtered samples and from Light Stress experiment",35249,2982,"Stage_I","water - Stage_I","Stage_I"
"DNA.GE.IC.103",21,1893,NA,"103","DNA-GE-IC-103","GE-IC-2016-130-4",NA,"DNA","pico","0.2 - 3 um",0.2,3,NA,31355,1639,"Green Edge",NA,"Ice Camp",NA,2016,"2016-05-09","WATER_3",10,NA,"water","under ice water",NA,NA,NA,NA,NA,67.4797,-63.7895,"Qikiqtarjuaq","Baffin Bay",NA,NA,NA,NA,NA,NA,NA,NA,"GE_IC_Set_1_filt","Green Edge IC set 1 - filters and LS experiment","18S rRNA","V4","nucleus","Arctic Ocean","oceanic","water","",1,"dada2","2019-06-24","Illumina","2x250","Toulouse","Piscosouth 2 2018-09-30",67.4797,67.4797,-63.7895,-63.7895,384,0,"Contains: cDNA and DNA from filtered samples and from Light Stress experiment",31355,2649,"Stage_I","water - Stage_I","Stage_I"
"DNA.GE.IC.104",21,1894,NA,"104","DNA-GE-IC-104","GE-IC-2016-130-6",NA,"DNA","pico","0.2 - 3 um",0.2,3,NA,23733,1641,"Green Edge",NA,"Ice Camp",NA,2016,"2016-05-09","WATER_4",40,NA,"water","under ice water",NA,NA,NA,NA,NA,67.4797,-63.7895,"Qikiqtarjuaq","Baffin Bay",NA,NA,NA,NA,NA,NA,NA,NA,"GE_IC_Set_1_filt","Green Edge IC set 1 - filters and LS experiment","18S rRNA","V4","nucleus","Arctic Ocean","oceanic","water","",1,"dada2","2019-06-24","Illumina","2x250","Toulouse","Piscosouth 2 2018-09-30",67.4797,67.4797,-63.7895,-63.7895,384,0,"Contains: cDNA and DNA from filtered samples and from Light Stress experiment",23733,1823,"Stage_I","water - Stage_I","Stage_I"
"DNA.GE.IC.106",21,1896,NA,"106","DNA-GE-IC-106","GE-IC-2016-130-IC4",NA,"DNA","pico","0.2 - 3 um",0.2,3,NA,30586,1643,"Green Edge",NA,"Ice Camp",NA,2016,"2016-05-09","ICE_1",NA,"3-10 cm","ice",NA,NA,NA,NA,NA,NA,67.4797,-63.7895,"Qikiqtarjuaq","Baffin Bay",NA,NA,NA,NA,NA,NA,NA,NA,"GE_IC_Set_1_filt","Green Edge IC set 1 - filters and LS experiment","18S rRNA","V4","nucleus","Arctic Ocean","oceanic","water","",1,"dada2","2019-06-24","Illumina","2x250","Toulouse","Piscosouth 2 2018-09-30",67.4797,67.4797,-63.7895,-63.7895,384,0,"Contains: cDNA and DNA from filtered samples and from Light Stress experiment",30586,8415,"Stage_I","ice - Stage_I","Stage_I"
"DNA.GE.IC.107",21,1897,NA,"107","DNA-GE-IC-107","GE-IC-2016-144-2",NA,"DNA","pico","0.2 - 3 um",0.2,3,NA,26814,1686,"Green Edge",NA,"Ice Camp",NA,2016,"2016-05-23","WATER_1",1.5,NA,"water","under ice water",NA,NA,NA,NA,NA,67.4797,-63.7895,"Qikiqtarjuaq","Baffin Bay",NA,NA,NA,NA,NA,NA,NA,NA,"GE_IC_Set_1_filt","Green Edge IC set 1 - filters and LS experiment","18S rRNA","V4","nucleus","Arctic Ocean","oceanic","water","",1,"dada2","2019-06-24","Illumina","2x250","Toulouse","Piscosouth 2 2018-09-30",67.4797,67.4797,-63.7895,-63.7895,384,0,"Contains: cDNA and DNA from filtered samples and from Light Stress experiment",26814,6794,"Stage_I","water - Stage_I","Stage_I"
"DNA.GE.IC.108",21,1898,NA,"108","DNA-GE-IC-108","GE-IC-2016-144-3",NA,"DNA","pico","0.2 - 3 um",0.2,3,NA,21066,1687,"Green Edge",NA,"Ice Camp",NA,2016,"2016-05-23","WATER_2",5,NA,"water","under ice water",NA,NA,NA,NA,NA,67.4797,-63.7895,"Qikiqtarjuaq","Baffin Bay",NA,NA,NA,NA,NA,NA,NA,NA,"GE_IC_Set_1_filt","Green Edge IC set 1 - filters and LS experiment","18S rRNA","V4","nucleus","Arctic Ocean","oceanic","water","",1,"dada2","2019-06-24","Illumina","2x250","Toulouse","Piscosouth 2 2018-09-30",67.4797,67.4797,-63.7895,-63.7895,384,0,"Contains: cDNA and DNA from filtered samples and from Light Stress experiment",21066,5715,"Stage_I","water - Stage_I","Stage_I"
"DNA.GE.IC.109",21,1899,NA,"109","DNA-GE-IC-109","GE-IC-2016-144-4",NA,"DNA","pico","0.2 - 3 um",0.2,3,NA,21410,1688,"Green Edge",NA,"Ice Camp",NA,2016,"2016-05-23","WATER_3",10,NA,"water","under ice water",NA,NA,NA,NA,NA,67.4797,-63.7895,"Qikiqtarjuaq","Baffin Bay",NA,NA,NA,NA,NA,NA,NA,NA,"GE_IC_Set_1_filt","Green Edge IC set 1 - filters and LS experiment","18S rRNA","V4","nucleus","Arctic Ocean","oceanic","water","",1,"dada2","2019-06-24","Illumina","2x250","Toulouse","Piscosouth 2 2018-09-30",67.4797,67.4797,-63.7895,-63.7895,384,0,"Contains: cDNA and DNA from filtered samples and from Light Stress experiment",21410,2217,"Stage_I","water - Stage_I","Stage_I"
"DNA.GE.IC.110",21,1900,NA,"110","DNA-GE-IC-110","GE-IC-2016-144-6",NA,"DNA","pico","0.2 - 3 um",0.2,3,NA,31406,1690,"Green Edge",NA,"Ice Camp",NA,2016,"2016-05-23","WATER_4",40,NA,"water","under ice water",NA,NA,NA,NA,NA,67.4797,-63.7895,"Qikiqtarjuaq","Baffin Bay",NA,NA,NA,NA,NA,NA,NA,NA,"GE_IC_Set_1_filt","Green Edge IC set 1 - filters and LS experiment","18S rRNA","V4","nucleus","Arctic Ocean","oceanic","water","",1,"dada2","2019-06-24","Illumina","2x250","Toulouse","Piscosouth 2 2018-09-30",67.4797,67.4797,-63.7895,-63.7895,384,0,"Contains: cDNA and DNA from filtered samples and from Light Stress experiment",31406,3153,"Stage_I","water - Stage_I","Stage_I"
"DNA.GE.IC.111",21,1901,NA,"111","DNA-GE-IC-111","GE-IC-2016-144-IC3",NA,"DNA","pico","0.2 - 3 um",0.2,3,NA,24296,1691,"Green Edge",NA,"Ice Camp",NA,2016,"2016-05-23","ICE_0",NA,"0-3 cm","ice",NA,NA,NA,NA,NA,NA,67.4797,-63.7895,"Qikiqtarjuaq","Baffin Bay",NA,NA,NA,NA,NA,NA,NA,NA,"GE_IC_Set_1_filt","Green Edge IC set 1 - filters and LS experiment","18S rRNA","V4","nucleus","Arctic Ocean","oceanic","water","",1,"dada2","2019-06-24","Illumina","2x250","Toulouse","Piscosouth 2 2018-09-30",67.4797,67.4797,-63.7895,-63.7895,384,0,"Contains: cDNA and DNA from filtered samples and from Light Stress experiment",24296,9561,"Stage_I","ice - Stage_I","Stage_I"
"DNA.GE.IC.112",21,1902,NA,"112","DNA-GE-IC-112","GE-IC-2016-144-IC4",NA,"DNA","pico","0.2 - 3 um",0.2,3,NA,30991,1692,"Green Edge",NA,"Ice Camp",NA,2016,"2016-05-23","ICE_1",NA,"3-10 cm","ice",NA,NA,NA,NA,NA,NA,67.4797,-63.7895,"Qikiqtarjuaq","Baffin Bay",NA,NA,NA,NA,NA,NA,NA,NA,"GE_IC_Set_1_filt","Green Edge IC set 1 - filters and LS experiment","18S rRNA","V4","nucleus","Arctic Ocean","oceanic","water","",1,"dada2","2019-06-24","Illumina","2x250","Toulouse","Piscosouth 2 2018-09-30",67.4797,67.4797,-63.7895,-63.7895,384,0,"Contains: cDNA and DNA from filtered samples and from Light Stress experiment",30991,10856,"Stage_I","ice - Stage_I","Stage_I"
"DNA.GE.IC.113",21,1903,NA,"113","DNA-GE-IC-113","GE-IC-2016-151-2",NA,"DNA","pico","0.2 - 3 um",0.2,3,NA,30319,1708,"Green Edge",NA,"Ice Camp",NA,2016,"2016-05-30","WATER_1",1.5,NA,"water","under ice water",NA,NA,NA,NA,NA,67.4797,-63.7895,"Qikiqtarjuaq","Baffin Bay",NA,NA,NA,NA,NA,NA,NA,NA,"GE_IC_Set_1_filt","Green Edge IC set 1 - filters and LS experiment","18S rRNA","V4","nucleus","Arctic Ocean","oceanic","water","",1,"dada2","2019-06-24","Illumina","2x250","Toulouse","Piscosouth 2 2018-09-30",67.4797,67.4797,-63.7895,-63.7895,384,0,"Contains: cDNA and DNA from filtered samples and from Light Stress experiment",30319,4255,"Stage_I","water - Stage_I","Stage_I"
"DNA.GE.IC.114",21,1904,NA,"114","DNA-GE-IC-114","GE-IC-2016-151-3",NA,"DNA","pico","0.2 - 3 um",0.2,3,NA,27916,1709,"Green Edge",NA,"Ice Camp",NA,2016,"2016-05-30","WATER_2",5,NA,"water","under ice water",NA,NA,NA,NA,NA,67.4797,-63.7895,"Qikiqtarjuaq","Baffin Bay",NA,NA,NA,NA,NA,NA,NA,NA,"GE_IC_Set_1_filt","Green Edge IC set 1 - filters and LS experiment","18S rRNA","V4","nucleus","Arctic Ocean","oceanic","water","",1,"dada2","2019-06-24","Illumina","2x250","Toulouse","Piscosouth 2 2018-09-30",67.4797,67.4797,-63.7895,-63.7895,384,0,"Contains: cDNA and DNA from filtered samples and from Light Stress experiment",27916,3881,"Stage_I","water - Stage_I","Stage_I"
"DNA.GE.IC.115",21,1905,NA,"115","DNA-GE-IC-115","GE-IC-2016-151-4",NA,"DNA","pico","0.2 - 3 um",0.2,3,NA,29306,1710,"Green Edge",NA,"Ice Camp",NA,2016,"2016-05-30","WATER_3",10,NA,"water","under ice water",NA,NA,NA,NA,NA,67.4797,-63.7895,"Qikiqtarjuaq","Baffin Bay",NA,NA,NA,NA,NA,NA,NA,NA,"GE_IC_Set_1_filt","Green Edge IC set 1 - filters and LS experiment","18S rRNA","V4","nucleus","Arctic Ocean","oceanic","water","",1,"dada2","2019-06-24","Illumina","2x250","Toulouse","Piscosouth 2 2018-09-30",67.4797,67.4797,-63.7895,-63.7895,384,0,"Contains: cDNA and DNA from filtered samples and from Light Stress experiment",29306,4771,"Stage_I","water - Stage_I","Stage_I"
"DNA.GE.IC.116",21,1906,NA,"116","DNA-GE-IC-116","GE-IC-2016-151-6",NA,"DNA","pico","0.2 - 3 um",0.2,3,NA,25827,1712,"Green Edge",NA,"Ice Camp",NA,2016,"2016-05-30","WATER_4",40,NA,"water","under ice water",NA,NA,NA,NA,NA,67.4797,-63.7895,"Qikiqtarjuaq","Baffin Bay",NA,NA,NA,NA,NA,NA,NA,NA,"GE_IC_Set_1_filt","Green Edge IC set 1 - filters and LS experiment","18S rRNA","V4","nucleus","Arctic Ocean","oceanic","water","",1,"dada2","2019-06-24","Illumina","2x250","Toulouse","Piscosouth 2 2018-09-30",67.4797,67.4797,-63.7895,-63.7895,384,0,"Contains: cDNA and DNA from filtered samples and from Light Stress experiment",25827,3164,"Stage_I","water - Stage_I","Stage_I"
"DNA.GE.IC.117",21,1907,NA,"117","DNA-GE-IC-117","GE-IC-2016-151-IC3",NA,"DNA","pico","0.2 - 3 um",0.2,3,NA,27984,1713,"Green Edge",NA,"Ice Camp",NA,2016,"2016-05-30","ICE_0",NA,"0-3 cm","ice",NA,NA,NA,NA,NA,NA,67.4797,-63.7895,"Qikiqtarjuaq","Baffin Bay",NA,NA,NA,NA,NA,NA,NA,NA,"GE_IC_Set_1_filt","Green Edge IC set 1 - filters and LS experiment","18S rRNA","V4","nucleus","Arctic Ocean","oceanic","water","",1,"dada2","2019-06-24","Illumina","2x250","Toulouse","Piscosouth 2 2018-09-30",67.4797,67.4797,-63.7895,-63.7895,384,0,"Contains: cDNA and DNA from filtered samples and from Light Stress experiment",27984,9457,"Stage_I","ice - Stage_I","Stage_I"
"DNA.GE.IC.118",21,1908,NA,"118","DNA-GE-IC-118","GE-IC-2016-151-IC4",NA,"DNA","pico","0.2 - 3 um",0.2,3,NA,26778,1714,"Green Edge",NA,"Ice Camp",NA,2016,"2016-05-30","ICE_1",NA,"3-10 cm","ice",NA,NA,NA,NA,NA,NA,67.4797,-63.7895,"Qikiqtarjuaq","Baffin Bay",NA,NA,NA,NA,NA,NA,NA,NA,"GE_IC_Set_1_filt","Green Edge IC set 1 - filters and LS experiment","18S rRNA","V4","nucleus","Arctic Ocean","oceanic","water","",1,"dada2","2019-06-24","Illumina","2x250","Toulouse","Piscosouth 2 2018-09-30",67.4797,67.4797,-63.7895,-63.7895,384,0,"Contains: cDNA and DNA from filtered samples and from Light Stress experiment",26778,12764,"Stage_I","ice - Stage_I","Stage_I"
"DNA.GE.IC.119",21,1909,NA,"119","DNA-GE-IC-119","GE-IC-2016-158-2",NA,"DNA","pico","0.2 - 3 um",0.2,3,NA,31833,1732,"Green Edge",NA,"Ice Camp",NA,2016,"2016-06-06","WATER_1",1.5,NA,"water","under ice water",NA,NA,NA,NA,NA,67.4797,-63.7895,"Qikiqtarjuaq","Baffin Bay",NA,NA,NA,NA,NA,NA,NA,NA,"GE_IC_Set_1_filt","Green Edge IC set 1 - filters and LS experiment","18S rRNA","V4","nucleus","Arctic Ocean","oceanic","water","",1,"dada2","2019-06-24","Illumina","2x250","Toulouse","Piscosouth 2 2018-09-30",67.4797,67.4797,-63.7895,-63.7895,384,0,"Contains: cDNA and DNA from filtered samples and from Light Stress experiment",31833,7139,"Stage_II","water - Stage_II","Stages_II_and_III"
"DNA.GE.IC.12",21,1802,NA,"12","DNA-GE-IC-12","GE-IC-2016-144-IC4",NA,"DNA","nano","3 - 20 um",3,20,NA,22032,1692,"Green Edge",NA,"Ice Camp",NA,2016,"2016-05-23","ICE_1",NA,"3-10 cm","ice",NA,NA,NA,NA,NA,NA,67.4797,-63.7895,"Qikiqtarjuaq","Baffin Bay",NA,NA,NA,NA,NA,NA,NA,NA,"GE_IC_Set_1_filt","Green Edge IC set 1 - filters and LS experiment","18S rRNA","V4","nucleus","Arctic Ocean","oceanic","water","",1,"dada2","2019-06-24","Illumina","2x250","Toulouse","Piscosouth 2 2018-09-30",67.4797,67.4797,-63.7895,-63.7895,384,0,"Contains: cDNA and DNA from filtered samples and from Light Stress experiment",22032,5239,"Stage_I","ice - Stage_I","Stage_I"
"DNA.GE.IC.120",21,1910,NA,"120","DNA-GE-IC-120","GE-IC-2016-158-3",NA,"DNA","pico","0.2 - 3 um",0.2,3,NA,26040,1733,"Green Edge",NA,"Ice Camp",NA,2016,"2016-06-06","WATER_2",5,NA,"water","under ice water",NA,NA,NA,NA,NA,67.4797,-63.7895,"Qikiqtarjuaq","Baffin Bay",NA,NA,NA,NA,NA,NA,NA,NA,"GE_IC_Set_1_filt","Green Edge IC set 1 - filters and LS experiment","18S rRNA","V4","nucleus","Arctic Ocean","oceanic","water","",1,"dada2","2019-06-24","Illumina","2x250","Toulouse","Piscosouth 2 2018-09-30",67.4797,67.4797,-63.7895,-63.7895,384,0,"Contains: cDNA and DNA from filtered samples and from Light Stress experiment",26040,5873,"Stage_II","water - Stage_II","Stages_II_and_III"
"DNA.GE.IC.121",21,1911,NA,"121","DNA-GE-IC-121","GE-IC-2016-158-4",NA,"DNA","pico","0.2 - 3 um",0.2,3,NA,31517,1734,"Green Edge",NA,"Ice Camp",NA,2016,"2016-06-06","WATER_3",10,NA,"water","under ice water",NA,NA,NA,NA,NA,67.4797,-63.7895,"Qikiqtarjuaq","Baffin Bay",NA,NA,NA,NA,NA,NA,NA,NA,"GE_IC_Set_1_filt","Green Edge IC set 1 - filters and LS experiment","18S rRNA","V4","nucleus","Arctic Ocean","oceanic","water","",1,"dada2","2019-06-24","Illumina","2x250","Toulouse","Piscosouth 2 2018-09-30",67.4797,67.4797,-63.7895,-63.7895,384,0,"Contains: cDNA and DNA from filtered samples and from Light Stress experiment",31517,8332,"Stage_II","water - Stage_II","Stages_II_and_III"
"DNA.GE.IC.122",21,1912,NA,"122","DNA-GE-IC-122","GE-IC-2016-158-6",NA,"DNA","pico","0.2 - 3 um",0.2,3,NA,26863,1736,"Green Edge",NA,"Ice Camp",NA,2016,"2016-06-06","WATER_4",40,NA,"water","under ice water",NA,NA,NA,NA,NA,67.4797,-63.7895,"Qikiqtarjuaq","Baffin Bay",NA,NA,NA,NA,NA,NA,NA,NA,"GE_IC_Set_1_filt","Green Edge IC set 1 - filters and LS experiment","18S rRNA","V4","nucleus","Arctic Ocean","oceanic","water","",1,"dada2","2019-06-24","Illumina","2x250","Toulouse","Piscosouth 2 2018-09-30",67.4797,67.4797,-63.7895,-63.7895,384,0,"Contains: cDNA and DNA from filtered samples and from Light Stress experiment",26863,6016,"Stage_II","water - Stage_II","Stages_II_and_III"
"DNA.GE.IC.123",21,1913,NA,"123","DNA-GE-IC-123","GE-IC-2016-158-IC3",NA,"DNA","pico","0.2 - 3 um",0.2,3,NA,28492,1737,"Green Edge",NA,"Ice Camp",NA,2016,"2016-06-06","ICE_0",NA,"0-3 cm","ice",NA,NA,NA,NA,NA,NA,67.4797,-63.7895,"Qikiqtarjuaq","Baffin Bay",NA,NA,NA,NA,NA,NA,NA,NA,"GE_IC_Set_1_filt","Green Edge IC set 1 - filters and LS experiment","18S rRNA","V4","nucleus","Arctic Ocean","oceanic","water","",1,"dada2","2019-06-24","Illumina","2x250","Toulouse","Piscosouth 2 2018-09-30",67.4797,67.4797,-63.7895,-63.7895,384,0,"Contains: cDNA and DNA from filtered samples and from Light Stress experiment",28492,6608,"Stage_II","ice - Stage_II","Stages_II_and_III"
"DNA.GE.IC.124",21,1914,NA,"124","DNA-GE-IC-124","GE-IC-2016-158-IC4",NA,"DNA","pico","0.2 - 3 um",0.2,3,NA,26581,1738,"Green Edge",NA,"Ice Camp",NA,2016,"2016-06-06","ICE_1",NA,"3-10 cm","ice",NA,NA,NA,NA,NA,NA,67.4797,-63.7895,"Qikiqtarjuaq","Baffin Bay",NA,NA,NA,NA,NA,NA,NA,NA,"GE_IC_Set_1_filt","Green Edge IC set 1 - filters and LS experiment","18S rRNA","V4","nucleus","Arctic Ocean","oceanic","water","",1,"dada2","2019-06-24","Illumina","2x250","Toulouse","Piscosouth 2 2018-09-30",67.4797,67.4797,-63.7895,-63.7895,384,0,"Contains: cDNA and DNA from filtered samples and from Light Stress experiment",26581,12863,"Stage_II","ice - Stage_II","Stages_II_and_III"
"DNA.GE.IC.125",21,1915,NA,"125","DNA-GE-IC-125","GE-IC-2016-165-2",NA,"DNA","pico","0.2 - 3 um",0.2,3,NA,31433,1756,"Green Edge",NA,"Ice Camp",NA,2016,"2016-06-13","WATER_1",1.5,NA,"water","under ice water",NA,NA,NA,NA,NA,67.4797,-63.7895,"Qikiqtarjuaq","Baffin Bay",NA,NA,NA,NA,NA,NA,NA,NA,"GE_IC_Set_1_filt","Green Edge IC set 1 - filters and LS experiment","18S rRNA","V4","nucleus","Arctic Ocean","oceanic","water","",1,"dada2","2019-06-24","Illumina","2x250","Toulouse","Piscosouth 2 2018-09-30",67.4797,67.4797,-63.7895,-63.7895,384,0,"Contains: cDNA and DNA from filtered samples and from Light Stress experiment",31433,8613,"Stage_II","water - Stage_II","Stages_II_and_III"
"DNA.GE.IC.126",21,1916,NA,"126","DNA-GE-IC-126","GE-IC-2016-165-3",NA,"DNA","pico","0.2 - 3 um",0.2,3,NA,32267,1757,"Green Edge",NA,"Ice Camp",NA,2016,"2016-06-13","WATER_2",5,NA,"water","under ice water",NA,NA,NA,NA,NA,67.4797,-63.7895,"Qikiqtarjuaq","Baffin Bay",NA,NA,NA,NA,NA,NA,NA,NA,"GE_IC_Set_1_filt","Green Edge IC set 1 - filters and LS experiment","18S rRNA","V4","nucleus","Arctic Ocean","oceanic","water","",1,"dada2","2019-06-24","Illumina","2x250","Toulouse","Piscosouth 2 2018-09-30",67.4797,67.4797,-63.7895,-63.7895,384,0,"Contains: cDNA and DNA from filtered samples and from Light Stress experiment",32267,13952,"Stage_II","water - Stage_II","Stages_II_and_III"
"DNA.GE.IC.127",21,1917,NA,"127","DNA-GE-IC-127","GE-IC-2016-165-4",NA,"DNA","pico","0.2 - 3 um",0.2,3,NA,24983,1758,"Green Edge",NA,"Ice Camp",NA,2016,"2016-06-13","WATER_3",10,NA,"water","under ice water",NA,NA,NA,NA,NA,67.4797,-63.7895,"Qikiqtarjuaq","Baffin Bay",NA,NA,NA,NA,NA,NA,NA,NA,"GE_IC_Set_1_filt","Green Edge IC set 1 - filters and LS experiment","18S rRNA","V4","nucleus","Arctic Ocean","oceanic","water","",1,"dada2","2019-06-24","Illumina","2x250","Toulouse","Piscosouth 2 2018-09-30",67.4797,67.4797,-63.7895,-63.7895,384,0,"Contains: cDNA and DNA from filtered samples and from Light Stress experiment",24983,11215,"Stage_II","water - Stage_II","Stages_II_and_III"
"DNA.GE.IC.128",21,1918,NA,"128","DNA-GE-IC-128","GE-IC-2016-165-6",NA,"DNA","pico","0.2 - 3 um",0.2,3,NA,27900,1760,"Green Edge",NA,"Ice Camp",NA,2016,"2016-06-13","WATER_4",40,NA,"water","under ice water",NA,NA,NA,NA,NA,67.4797,-63.7895,"Qikiqtarjuaq","Baffin Bay",NA,NA,NA,NA,NA,NA,NA,NA,"GE_IC_Set_1_filt","Green Edge IC set 1 - filters and LS experiment","18S rRNA","V4","nucleus","Arctic Ocean","oceanic","water","",1,"dada2","2019-06-24","Illumina","2x250","Toulouse","Piscosouth 2 2018-09-30",67.4797,67.4797,-63.7895,-63.7895,384,0,"Contains: cDNA and DNA from filtered samples and from Light Stress experiment",27900,12755,"Stage_II","water - Stage_II","Stages_II_and_III"
"DNA.GE.IC.129",21,1919,NA,"129","DNA-GE-IC-129","GE-IC-2016-165-IC3",NA,"DNA","pico","0.2 - 3 um",0.2,3,NA,30551,1761,"Green Edge",NA,"Ice Camp",NA,2016,"2016-06-13","ICE_0",NA,"0-3 cm","ice",NA,NA,NA,NA,NA,NA,67.4797,-63.7895,"Qikiqtarjuaq","Baffin Bay",NA,NA,NA,NA,NA,NA,NA,NA,"GE_IC_Set_1_filt","Green Edge IC set 1 - filters and LS experiment","18S rRNA","V4","nucleus","Arctic Ocean","oceanic","water","",1,"dada2","2019-06-24","Illumina","2x250","Toulouse","Piscosouth 2 2018-09-30",67.4797,67.4797,-63.7895,-63.7895,384,0,"Contains: cDNA and DNA from filtered samples and from Light Stress experiment",30551,5109,"Stage_II","ice - Stage_II","Stages_II_and_III"
"DNA.GE.IC.13",21,1803,NA,"13","DNA-GE-IC-13","GE-IC-2016-151-2",NA,"DNA","nano","3 - 20 um",3,20,NA,27726,1708,"Green Edge",NA,"Ice Camp",NA,2016,"2016-05-30","WATER_1",1.5,NA,"water","under ice water",NA,NA,NA,NA,NA,67.4797,-63.7895,"Qikiqtarjuaq","Baffin Bay",NA,NA,NA,NA,NA,NA,NA,NA,"GE_IC_Set_1_filt","Green Edge IC set 1 - filters and LS experiment","18S rRNA","V4","nucleus","Arctic Ocean","oceanic","water","",1,"dada2","2019-06-24","Illumina","2x250","Toulouse","Piscosouth 2 2018-09-30",67.4797,67.4797,-63.7895,-63.7895,384,0,"Contains: cDNA and DNA from filtered samples and from Light Stress experiment",27726,6220,"Stage_I","water - Stage_I","Stage_I"
"DNA.GE.IC.130",21,1920,NA,"130","DNA-GE-IC-130","GE-IC-2016-165-IC4",NA,"DNA","pico","0.2 - 3 um",0.2,3,NA,38923,1762,"Green Edge",NA,"Ice Camp",NA,2016,"2016-06-13","ICE_1",NA,"3-10 cm","ice",NA,NA,NA,NA,NA,NA,67.4797,-63.7895,"Qikiqtarjuaq","Baffin Bay",NA,NA,NA,NA,NA,NA,NA,NA,"GE_IC_Set_1_filt","Green Edge IC set 1 - filters and LS experiment","18S rRNA","V4","nucleus","Arctic Ocean","oceanic","water","",1,"dada2","2019-06-24","Illumina","2x250","Toulouse","Piscosouth 2 2018-09-30",67.4797,67.4797,-63.7895,-63.7895,384,0,"Contains: cDNA and DNA from filtered samples and from Light Stress experiment",38923,17807,"Stage_II","ice - Stage_II","Stages_II_and_III"
"DNA.GE.IC.131",21,1921,NA,"131","DNA-GE-IC-131","GE-IC-2016-172-2",NA,"DNA","pico","0.2 - 3 um",0.2,3,NA,26711,1783,"Green Edge",NA,"Ice Camp",NA,2016,"2016-06-20","WATER_1",1.5,NA,"water","under ice water",NA,NA,NA,NA,NA,67.4797,-63.7895,"Qikiqtarjuaq","Baffin Bay",NA,NA,NA,NA,NA,NA,NA,NA,"GE_IC_Set_1_filt","Green Edge IC set 1 - filters and LS experiment","18S rRNA","V4","nucleus","Arctic Ocean","oceanic","water","",1,"dada2","2019-06-24","Illumina","2x250","Toulouse","Piscosouth 2 2018-09-30",67.4797,67.4797,-63.7895,-63.7895,384,0,"Contains: cDNA and DNA from filtered samples and from Light Stress experiment",26711,19161,"Stage_III","water - Stage_III","Stages_II_and_III"
"DNA.GE.IC.132",21,1922,NA,"132","DNA-GE-IC-132","GE-IC-2016-172-3",NA,"DNA","pico","0.2 - 3 um",0.2,3,NA,30252,1784,"Green Edge",NA,"Ice Camp",NA,2016,"2016-06-20","WATER_2",5,NA,"water","under ice water",NA,NA,NA,NA,NA,67.4797,-63.7895,"Qikiqtarjuaq","Baffin Bay",NA,NA,NA,NA,NA,NA,NA,NA,"GE_IC_Set_1_filt","Green Edge IC set 1 - filters and LS experiment","18S rRNA","V4","nucleus","Arctic Ocean","oceanic","water","",1,"dada2","2019-06-24","Illumina","2x250","Toulouse","Piscosouth 2 2018-09-30",67.4797,67.4797,-63.7895,-63.7895,384,0,"Contains: cDNA and DNA from filtered samples and from Light Stress experiment",30252,20820,"Stage_III","water - Stage_III","Stages_II_and_III"
"DNA.GE.IC.133",21,1923,NA,"133","DNA-GE-IC-133","GE-IC-2016-172-4",NA,"DNA","pico","0.2 - 3 um",0.2,3,NA,33952,1785,"Green Edge",NA,"Ice Camp",NA,2016,"2016-06-20","WATER_3",10,NA,"water","under ice water",NA,NA,NA,NA,NA,67.4797,-63.7895,"Qikiqtarjuaq","Baffin Bay",NA,NA,NA,NA,NA,NA,NA,NA,"GE_IC_Set_1_filt","Green Edge IC set 1 - filters and LS experiment","18S rRNA","V4","nucleus","Arctic Ocean","oceanic","water","",1,"dada2","2019-06-24","Illumina","2x250","Toulouse","Piscosouth 2 2018-09-30",67.4797,67.4797,-63.7895,-63.7895,384,0,"Contains: cDNA and DNA from filtered samples and from Light Stress experiment",33952,22611,"Stage_III","water - Stage_III","Stages_II_and_III"
"DNA.GE.IC.134",21,1924,NA,"134","DNA-GE-IC-134","GE-IC-2016-172-6",NA,"DNA","pico","0.2 - 3 um",0.2,3,NA,30707,1787,"Green Edge",NA,"Ice Camp",NA,2016,"2016-06-20","WATER_4",40,NA,"water","under ice water",NA,NA,NA,NA,NA,67.4797,-63.7895,"Qikiqtarjuaq","Baffin Bay",NA,NA,NA,NA,NA,NA,NA,NA,"GE_IC_Set_1_filt","Green Edge IC set 1 - filters and LS experiment","18S rRNA","V4","nucleus","Arctic Ocean","oceanic","water","",1,"dada2","2019-06-24","Illumina","2x250","Toulouse","Piscosouth 2 2018-09-30",67.4797,67.4797,-63.7895,-63.7895,384,0,"Contains: cDNA and DNA from filtered samples and from Light Stress experiment",30707,17733,"Stage_III","water - Stage_III","Stages_II_and_III"
"DNA.GE.IC.135",21,1925,NA,"135","DNA-GE-IC-135","GE-IC-2016-172-IC3",NA,"DNA","pico","0.2 - 3 um",0.2,3,NA,33799,1788,"Green Edge",NA,"Ice Camp",NA,2016,"2016-06-20","ICE_0",NA,"0-3 cm","ice",NA,NA,NA,NA,NA,NA,67.4797,-63.7895,"Qikiqtarjuaq","Baffin Bay",NA,NA,NA,NA,NA,NA,NA,NA,"GE_IC_Set_1_filt","Green Edge IC set 1 - filters and LS experiment","18S rRNA","V4","nucleus","Arctic Ocean","oceanic","water","",1,"dada2","2019-06-24","Illumina","2x250","Toulouse","Piscosouth 2 2018-09-30",67.4797,67.4797,-63.7895,-63.7895,384,0,"Contains: cDNA and DNA from filtered samples and from Light Stress experiment",33799,12234,"Stage_III","ice - Stage_III","Stages_II_and_III"
"DNA.GE.IC.136",21,1926,NA,"136","DNA-GE-IC-136","GE-IC-2016-172-IC4",NA,"DNA","pico","0.2 - 3 um",0.2,3,NA,35035,1789,"Green Edge",NA,"Ice Camp",NA,2016,"2016-06-20","ICE_1",NA,"3-10 cm","ice",NA,NA,NA,NA,NA,NA,67.4797,-63.7895,"Qikiqtarjuaq","Baffin Bay",NA,NA,NA,NA,NA,NA,NA,NA,"GE_IC_Set_1_filt","Green Edge IC set 1 - filters and LS experiment","18S rRNA","V4","nucleus","Arctic Ocean","oceanic","water","",1,"dada2","2019-06-24","Illumina","2x250","Toulouse","Piscosouth 2 2018-09-30",67.4797,67.4797,-63.7895,-63.7895,384,0,"Contains: cDNA and DNA from filtered samples and from Light Stress experiment",35035,19771,"Stage_III","ice - Stage_III","Stages_II_and_III"
"DNA.GE.IC.137",21,1927,NA,"137","DNA-GE-IC-137","GE-IC-2016-179-2",NA,"DNA","pico","0.2 - 3 um",0.2,3,NA,31464,1810,"Green Edge",NA,"Ice Camp",NA,2016,"2016-06-27","WATER_1",1.5,NA,"water","under ice water",NA,NA,NA,NA,NA,67.4797,-63.7895,"Qikiqtarjuaq","Baffin Bay",NA,NA,NA,NA,NA,NA,NA,NA,"GE_IC_Set_1_filt","Green Edge IC set 1 - filters and LS experiment","18S rRNA","V4","nucleus","Arctic Ocean","oceanic","water","",1,"dada2","2019-06-24","Illumina","2x250","Toulouse","Piscosouth 2 2018-09-30",67.4797,67.4797,-63.7895,-63.7895,384,0,"Contains: cDNA and DNA from filtered samples and from Light Stress experiment",31464,26024,"Stage_III","water - Stage_III","Stages_II_and_III"
"DNA.GE.IC.139",21,1929,NA,"139","DNA-GE-IC-139","GE-IC-2016-179-4",NA,"DNA","pico","0.2 - 3 um",0.2,3,NA,34389,1812,"Green Edge",NA,"Ice Camp",NA,2016,"2016-06-27","WATER_3",20,NA,"water","under ice water",NA,NA,NA,NA,NA,67.4797,-63.7895,"Qikiqtarjuaq","Baffin Bay",NA,NA,NA,NA,NA,NA,NA,NA,"GE_IC_Set_1_filt","Green Edge IC set 1 - filters and LS experiment","18S rRNA","V4","nucleus","Arctic Ocean","oceanic","water","",1,"dada2","2019-06-24","Illumina","2x250","Toulouse","Piscosouth 2 2018-09-30",67.4797,67.4797,-63.7895,-63.7895,384,0,"Contains: cDNA and DNA from filtered samples and from Light Stress experiment",34389,27827,"Stage_III","water - Stage_III","Stages_II_and_III"
"DNA.GE.IC.14",21,1804,NA,"14","DNA-GE-IC-14","GE-IC-2016-151-3",NA,"DNA","nano","3 - 20 um",3,20,NA,26847,1709,"Green Edge",NA,"Ice Camp",NA,2016,"2016-05-30","WATER_2",5,NA,"water","under ice water",NA,NA,NA,NA,NA,67.4797,-63.7895,"Qikiqtarjuaq","Baffin Bay",NA,NA,NA,NA,NA,NA,NA,NA,"GE_IC_Set_1_filt","Green Edge IC set 1 - filters and LS experiment","18S rRNA","V4","nucleus","Arctic Ocean","oceanic","water","",1,"dada2","2019-06-24","Illumina","2x250","Toulouse","Piscosouth 2 2018-09-30",67.4797,67.4797,-63.7895,-63.7895,384,0,"Contains: cDNA and DNA from filtered samples and from Light Stress experiment",26847,4158,"Stage_I","water - Stage_I","Stage_I"
"DNA.GE.IC.140",21,1930,NA,"140","DNA-GE-IC-140","GE-IC-2016-179-6",NA,"DNA","pico","0.2 - 3 um",0.2,3,NA,27244,1814,"Green Edge",NA,"Ice Camp",NA,2016,"2016-06-27","WATER_4",60,NA,"water","under ice water",NA,NA,NA,NA,NA,67.4797,-63.7895,"Qikiqtarjuaq","Baffin Bay",NA,NA,NA,NA,NA,NA,NA,NA,"GE_IC_Set_1_filt","Green Edge IC set 1 - filters and LS experiment","18S rRNA","V4","nucleus","Arctic Ocean","oceanic","water","",1,"dada2","2019-06-24","Illumina","2x250","Toulouse","Piscosouth 2 2018-09-30",67.4797,67.4797,-63.7895,-63.7895,384,0,"Contains: cDNA and DNA from filtered samples and from Light Stress experiment",27244,14952,"Stage_III","water - Stage_III","Stages_II_and_III"
"DNA.GE.IC.141",21,1931,NA,"141","DNA-GE-IC-141","GE-IC-2016-179-IC3",NA,"DNA","pico","0.2 - 3 um",0.2,3,NA,25154,1815,"Green Edge",NA,"Ice Camp",NA,2016,"2016-06-27","ICE_0",NA,"0-3 cm","ice",NA,NA,NA,NA,NA,NA,67.4797,-63.7895,"Qikiqtarjuaq","Baffin Bay",NA,NA,NA,NA,NA,NA,NA,NA,"GE_IC_Set_1_filt","Green Edge IC set 1 - filters and LS experiment","18S rRNA","V4","nucleus","Arctic Ocean","oceanic","water","",1,"dada2","2019-06-24","Illumina","2x250","Toulouse","Piscosouth 2 2018-09-30",67.4797,67.4797,-63.7895,-63.7895,384,0,"Contains: cDNA and DNA from filtered samples and from Light Stress experiment",25154,11409,"Stage_III","ice - Stage_III","Stages_II_and_III"
"DNA.GE.IC.142",21,1932,NA,"142","DNA-GE-IC-142","GE-IC-2016-179-IC4",NA,"DNA","pico","0.2 - 3 um",0.2,3,NA,29535,1816,"Green Edge",NA,"Ice Camp",NA,2016,"2016-06-27","ICE_1",NA,"3-10 cm","ice",NA,NA,NA,NA,NA,NA,67.4797,-63.7895,"Qikiqtarjuaq","Baffin Bay",NA,NA,NA,NA,NA,NA,NA,NA,"GE_IC_Set_1_filt","Green Edge IC set 1 - filters and LS experiment","18S rRNA","V4","nucleus","Arctic Ocean","oceanic","water","",1,"dada2","2019-06-24","Illumina","2x250","Toulouse","Piscosouth 2 2018-09-30",67.4797,67.4797,-63.7895,-63.7895,384,0,"Contains: cDNA and DNA from filtered samples and from Light Stress experiment",29535,16057,"Stage_III","ice - Stage_III","Stages_II_and_III"
"DNA.GE.IC.143",21,1933,NA,"143","DNA-GE-IC-143","GE-IC-2016-188-2",NA,"DNA","pico","0.2 - 3 um",0.2,3,NA,30332,1845,"Green Edge",NA,"Ice Camp",NA,2016,"2016-07-06","WATER_1",1.5,NA,"water","under ice water",NA,NA,NA,NA,NA,67.4797,-63.7895,"Qikiqtarjuaq","Baffin Bay",NA,NA,NA,NA,NA,NA,NA,NA,"GE_IC_Set_1_filt","Green Edge IC set 1 - filters and LS experiment","18S rRNA","V4","nucleus","Arctic Ocean","oceanic","water","",1,"dada2","2019-06-24","Illumina","2x250","Toulouse","Piscosouth 2 2018-09-30",67.4797,67.4797,-63.7895,-63.7895,384,0,"Contains: cDNA and DNA from filtered samples and from Light Stress experiment",30332,17691,"Stage_III","water - Stage_III","Stages_II_and_III"
"DNA.GE.IC.144",21,1934,NA,"144","DNA-GE-IC-144","GE-IC-2016-188-3",NA,"DNA","pico","0.2 - 3 um",0.2,3,NA,29036,1846,"Green Edge",NA,"Ice Camp",NA,2016,"2016-07-06","WATER_2",10,NA,"water","under ice water",NA,NA,NA,NA,NA,67.4797,-63.7895,"Qikiqtarjuaq","Baffin Bay",NA,NA,NA,NA,NA,NA,NA,NA,"GE_IC_Set_1_filt","Green Edge IC set 1 - filters and LS experiment","18S rRNA","V4","nucleus","Arctic Ocean","oceanic","water","",1,"dada2","2019-06-24","Illumina","2x250","Toulouse","Piscosouth 2 2018-09-30",67.4797,67.4797,-63.7895,-63.7895,384,0,"Contains: cDNA and DNA from filtered samples and from Light Stress experiment",29036,19032,"Stage_III","water - Stage_III","Stages_II_and_III"
"DNA.GE.IC.145",21,1935,NA,"145","DNA-GE-IC-145","GE-IC-2016-188-4",NA,"DNA","pico","0.2 - 3 um",0.2,3,NA,29279,1847,"Green Edge",NA,"Ice Camp",NA,2016,"2016-07-06","WATER_3",20,NA,"water","under ice water",NA,NA,NA,NA,NA,67.4797,-63.7895,"Qikiqtarjuaq","Baffin Bay",NA,NA,NA,NA,NA,NA,NA,NA,"GE_IC_Set_1_filt","Green Edge IC set 1 - filters and LS experiment","18S rRNA","V4","nucleus","Arctic Ocean","oceanic","water","",1,"dada2","2019-06-24","Illumina","2x250","Toulouse","Piscosouth 2 2018-09-30",67.4797,67.4797,-63.7895,-63.7895,384,0,"Contains: cDNA and DNA from filtered samples and from Light Stress experiment",29279,23731,"Stage_III","water - Stage_III","Stages_II_and_III"
"DNA.GE.IC.146",21,1936,NA,"146","DNA-GE-IC-146","GE-IC-2016-188-6",NA,"DNA","pico","0.2 - 3 um",0.2,3,NA,29359,1849,"Green Edge",NA,"Ice Camp",NA,2016,"2016-07-06","WATER_4",60,NA,"water","under ice water",NA,NA,NA,NA,NA,67.4797,-63.7895,"Qikiqtarjuaq","Baffin Bay",NA,NA,NA,NA,NA,NA,NA,NA,"GE_IC_Set_1_filt","Green Edge IC set 1 - filters and LS experiment","18S rRNA","V4","nucleus","Arctic Ocean","oceanic","water","",1,"dada2","2019-06-24","Illumina","2x250","Toulouse","Piscosouth 2 2018-09-30",67.4797,67.4797,-63.7895,-63.7895,384,0,"Contains: cDNA and DNA from filtered samples and from Light Stress experiment",29359,15148,"Stage_III","water - Stage_III","Stages_II_and_III"
"DNA.GE.IC.147",21,1937,NA,"147","DNA-GE-IC-147","GE-IC-2016-200-2",NA,"DNA","pico","0.2 - 3 um",0.2,3,NA,30673,1875,"Green Edge",NA,"Ice Camp",NA,2016,"2016-07-18","WATER_1",1.5,NA,"water","under ice water",NA,NA,NA,NA,NA,67.4797,-63.7895,"Qikiqtarjuaq","Baffin Bay",NA,NA,NA,NA,NA,NA,NA,NA,"GE_IC_Set_1_filt","Green Edge IC set 1 - filters and LS experiment","18S rRNA","V4","nucleus","Arctic Ocean","oceanic","water","",1,"dada2","2019-06-24","Illumina","2x250","Toulouse","Piscosouth 2 2018-09-30",67.4797,67.4797,-63.7895,-63.7895,384,0,"Contains: cDNA and DNA from filtered samples and from Light Stress experiment",30673,21131,"Stage_III","water - Stage_III","Stages_II_and_III"
"DNA.GE.IC.148",21,1938,NA,"148","DNA-GE-IC-148","GE-IC-2016-200-3",NA,"DNA","pico","0.2 - 3 um",0.2,3,NA,24744,1876,"Green Edge",NA,"Ice Camp",NA,2016,"2016-07-18","WATER_2",10,NA,"water","under ice water",NA,NA,NA,NA,NA,67.4797,-63.7895,"Qikiqtarjuaq","Baffin Bay",NA,NA,NA,NA,NA,NA,NA,NA,"GE_IC_Set_1_filt","Green Edge IC set 1 - filters and LS experiment","18S rRNA","V4","nucleus","Arctic Ocean","oceanic","water","",1,"dada2","2019-06-24","Illumina","2x250","Toulouse","Piscosouth 2 2018-09-30",67.4797,67.4797,-63.7895,-63.7895,384,0,"Contains: cDNA and DNA from filtered samples and from Light Stress experiment",24744,15477,"Stage_III","water - Stage_III","Stages_II_and_III"
"DNA.GE.IC.149",21,1939,NA,"149","DNA-GE-IC-149","GE-IC-2016-200-4",NA,"DNA","pico","0.2 - 3 um",0.2,3,NA,32244,1877,"Green Edge",NA,"Ice Camp",NA,2016,"2016-07-18","WATER_3",20,NA,"water","under ice water",NA,NA,NA,NA,NA,67.4797,-63.7895,"Qikiqtarjuaq","Baffin Bay",NA,NA,NA,NA,NA,NA,NA,NA,"GE_IC_Set_1_filt","Green Edge IC set 1 - filters and LS experiment","18S rRNA","V4","nucleus","Arctic Ocean","oceanic","water","",1,"dada2","2019-06-24","Illumina","2x250","Toulouse","Piscosouth 2 2018-09-30",67.4797,67.4797,-63.7895,-63.7895,384,0,"Contains: cDNA and DNA from filtered samples and from Light Stress experiment",32244,19474,"Stage_III","water - Stage_III","Stages_II_and_III"
"DNA.GE.IC.15",21,1805,NA,"15","DNA-GE-IC-15","GE-IC-2016-151-4",NA,"DNA","nano","3 - 20 um",3,20,NA,27268,1710,"Green Edge",NA,"Ice Camp",NA,2016,"2016-05-30","WATER_3",10,NA,"water","under ice water",NA,NA,NA,NA,NA,67.4797,-63.7895,"Qikiqtarjuaq","Baffin Bay",NA,NA,NA,NA,NA,NA,NA,NA,"GE_IC_Set_1_filt","Green Edge IC set 1 - filters and LS experiment","18S rRNA","V4","nucleus","Arctic Ocean","oceanic","water","",1,"dada2","2019-06-24","Illumina","2x250","Toulouse","Piscosouth 2 2018-09-30",67.4797,67.4797,-63.7895,-63.7895,384,0,"Contains: cDNA and DNA from filtered samples and from Light Stress experiment",27268,4832,"Stage_I","water - Stage_I","Stage_I"
"DNA.GE.IC.150",21,1940,NA,"150","DNA-GE-IC-150","GE-IC-2016-200-6",NA,"DNA","pico","0.2 - 3 um",0.2,3,NA,29923,1879,"Green Edge",NA,"Ice Camp",NA,2016,"2016-07-18","WATER_4",60,NA,"water","under ice water",NA,NA,NA,NA,NA,67.4797,-63.7895,"Qikiqtarjuaq","Baffin Bay",NA,NA,NA,NA,NA,NA,NA,NA,"GE_IC_Set_1_filt","Green Edge IC set 1 - filters and LS experiment","18S rRNA","V4","nucleus","Arctic Ocean","oceanic","water","",1,"dada2","2019-06-24","Illumina","2x250","Toulouse","Piscosouth 2 2018-09-30",67.4797,67.4797,-63.7895,-63.7895,384,0,"Contains: cDNA and DNA from filtered samples and from Light Stress experiment",29923,16901,"Stage_III","water - Stage_III","Stages_II_and_III"
"DNA.GE.IC.16",21,1806,NA,"16","DNA-GE-IC-16","GE-IC-2016-151-6",NA,"DNA","nano","3 - 20 um",3,20,NA,28810,1712,"Green Edge",NA,"Ice Camp",NA,2016,"2016-05-30","WATER_4",40,NA,"water","under ice water",NA,NA,NA,NA,NA,67.4797,-63.7895,"Qikiqtarjuaq","Baffin Bay",NA,NA,NA,NA,NA,NA,NA,NA,"GE_IC_Set_1_filt","Green Edge IC set 1 - filters and LS experiment","18S rRNA","V4","nucleus","Arctic Ocean","oceanic","water","",1,"dada2","2019-06-24","Illumina","2x250","Toulouse","Piscosouth 2 2018-09-30",67.4797,67.4797,-63.7895,-63.7895,384,0,"Contains: cDNA and DNA from filtered samples and from Light Stress experiment",28810,4440,"Stage_I","water - Stage_I","Stage_I"
"DNA.GE.IC.17",21,1807,NA,"17","DNA-GE-IC-17","GE-IC-2016-151-IC3",NA,"DNA","nano","3 - 20 um",3,20,NA,28408,1713,"Green Edge",NA,"Ice Camp",NA,2016,"2016-05-30","ICE_0",NA,"0-3 cm","ice",NA,NA,NA,NA,NA,NA,67.4797,-63.7895,"Qikiqtarjuaq","Baffin Bay",NA,NA,NA,NA,NA,NA,NA,NA,"GE_IC_Set_1_filt","Green Edge IC set 1 - filters and LS experiment","18S rRNA","V4","nucleus","Arctic Ocean","oceanic","water","",1,"dada2","2019-06-24","Illumina","2x250","Toulouse","Piscosouth 2 2018-09-30",67.4797,67.4797,-63.7895,-63.7895,384,0,"Contains: cDNA and DNA from filtered samples and from Light Stress experiment",28408,16783,"Stage_I","ice - Stage_I","Stage_I"
"DNA.GE.IC.19",21,1809,NA,"19","DNA-GE-IC-19","GE-IC-2016-158-2",NA,"DNA","nano","3 - 20 um",3,20,NA,27032,1732,"Green Edge",NA,"Ice Camp",NA,2016,"2016-06-06","WATER_1",1.5,NA,"water","under ice water",NA,NA,NA,NA,NA,67.4797,-63.7895,"Qikiqtarjuaq","Baffin Bay",NA,NA,NA,NA,NA,NA,NA,NA,"GE_IC_Set_1_filt","Green Edge IC set 1 - filters and LS experiment","18S rRNA","V4","nucleus","Arctic Ocean","oceanic","water","",1,"dada2","2019-06-24","Illumina","2x250","Toulouse","Piscosouth 2 2018-09-30",67.4797,67.4797,-63.7895,-63.7895,384,0,"Contains: cDNA and DNA from filtered samples and from Light Stress experiment",27032,13458,"Stage_II","water - Stage_II","Stages_II_and_III"
"DNA.GE.IC.20",21,1810,NA,"20","DNA-GE-IC-20","GE-IC-2016-158-3",NA,"DNA","nano","3 - 20 um",3,20,NA,21185,1733,"Green Edge",NA,"Ice Camp",NA,2016,"2016-06-06","WATER_2",5,NA,"water","under ice water",NA,NA,NA,NA,NA,67.4797,-63.7895,"Qikiqtarjuaq","Baffin Bay",NA,NA,NA,NA,NA,NA,NA,NA,"GE_IC_Set_1_filt","Green Edge IC set 1 - filters and LS experiment","18S rRNA","V4","nucleus","Arctic Ocean","oceanic","water","",1,"dada2","2019-06-24","Illumina","2x250","Toulouse","Piscosouth 2 2018-09-30",67.4797,67.4797,-63.7895,-63.7895,384,0,"Contains: cDNA and DNA from filtered samples and from Light Stress experiment",21185,6032,"Stage_II","water - Stage_II","Stages_II_and_III"
"DNA.GE.IC.21",21,1811,NA,"21","DNA-GE-IC-21","GE-IC-2016-158-4",NA,"DNA","nano","3 - 20 um",3,20,NA,22730,1734,"Green Edge",NA,"Ice Camp",NA,2016,"2016-06-06","WATER_3",10,NA,"water","under ice water",NA,NA,NA,NA,NA,67.4797,-63.7895,"Qikiqtarjuaq","Baffin Bay",NA,NA,NA,NA,NA,NA,NA,NA,"GE_IC_Set_1_filt","Green Edge IC set 1 - filters and LS experiment","18S rRNA","V4","nucleus","Arctic Ocean","oceanic","water","",1,"dada2","2019-06-24","Illumina","2x250","Toulouse","Piscosouth 2 2018-09-30",67.4797,67.4797,-63.7895,-63.7895,384,0,"Contains: cDNA and DNA from filtered samples and from Light Stress experiment",22730,6763,"Stage_II","water - Stage_II","Stages_II_and_III"
"DNA.GE.IC.22",21,1812,NA,"22","DNA-GE-IC-22","GE-IC-2016-158-6",NA,"DNA","nano","3 - 20 um",3,20,NA,6152,1736,"Green Edge",NA,"Ice Camp",NA,2016,"2016-06-06","WATER_4",40,NA,"water","under ice water",NA,NA,NA,NA,NA,67.4797,-63.7895,"Qikiqtarjuaq","Baffin Bay",NA,NA,NA,NA,NA,NA,NA,NA,"GE_IC_Set_1_filt","Green Edge IC set 1 - filters and LS experiment","18S rRNA","V4","nucleus","Arctic Ocean","oceanic","water","",1,"dada2","2019-06-24","Illumina","2x250","Toulouse","Piscosouth 2 2018-09-30",67.4797,67.4797,-63.7895,-63.7895,384,0,"Contains: cDNA and DNA from filtered samples and from Light Stress experiment",6152,853,"Stage_II","water - Stage_II","Stages_II_and_III"
"DNA.GE.IC.25",21,1815,NA,"25","DNA-GE-IC-25","GE-IC-2016-165-2",NA,"DNA","nano","3 - 20 um",3,20,NA,31757,1756,"Green Edge",NA,"Ice Camp",NA,2016,"2016-06-13","WATER_1",1.5,NA,"water","under ice water",NA,NA,NA,NA,NA,67.4797,-63.7895,"Qikiqtarjuaq","Baffin Bay",NA,NA,NA,NA,NA,NA,NA,NA,"GE_IC_Set_1_filt","Green Edge IC set 1 - filters and LS experiment","18S rRNA","V4","nucleus","Arctic Ocean","oceanic","water","",1,"dada2","2019-06-24","Illumina","2x250","Toulouse","Piscosouth 2 2018-09-30",67.4797,67.4797,-63.7895,-63.7895,384,0,"Contains: cDNA and DNA from filtered samples and from Light Stress experiment",31757,18772,"Stage_II","water - Stage_II","Stages_II_and_III"
"DNA.GE.IC.26",21,1816,NA,"26","DNA-GE-IC-26","GE-IC-2016-165-3",NA,"DNA","nano","3 - 20 um",3,20,NA,23850,1757,"Green Edge",NA,"Ice Camp",NA,2016,"2016-06-13","WATER_2",5,NA,"water","under ice water",NA,NA,NA,NA,NA,67.4797,-63.7895,"Qikiqtarjuaq","Baffin Bay",NA,NA,NA,NA,NA,NA,NA,NA,"GE_IC_Set_1_filt","Green Edge IC set 1 - filters and LS experiment","18S rRNA","V4","nucleus","Arctic Ocean","oceanic","water","",1,"dada2","2019-06-24","Illumina","2x250","Toulouse","Piscosouth 2 2018-09-30",67.4797,67.4797,-63.7895,-63.7895,384,0,"Contains: cDNA and DNA from filtered samples and from Light Stress experiment",23850,10046,"Stage_II","water - Stage_II","Stages_II_and_III"
"DNA.GE.IC.27",21,1817,NA,"27","DNA-GE-IC-27","GE-IC-2016-165-4",NA,"DNA","nano","3 - 20 um",3,20,NA,26296,1758,"Green Edge",NA,"Ice Camp",NA,2016,"2016-06-13","WATER_3",10,NA,"water","under ice water",NA,NA,NA,NA,NA,67.4797,-63.7895,"Qikiqtarjuaq","Baffin Bay",NA,NA,NA,NA,NA,NA,NA,NA,"GE_IC_Set_1_filt","Green Edge IC set 1 - filters and LS experiment","18S rRNA","V4","nucleus","Arctic Ocean","oceanic","water","",1,"dada2","2019-06-24","Illumina","2x250","Toulouse","Piscosouth 2 2018-09-30",67.4797,67.4797,-63.7895,-63.7895,384,0,"Contains: cDNA and DNA from filtered samples and from Light Stress experiment",26296,9436,"Stage_II","water - Stage_II","Stages_II_and_III"
"DNA.GE.IC.28",21,1818,NA,"28","DNA-GE-IC-28","GE-IC-2016-165-6",NA,"DNA","nano","3 - 20 um",3,20,NA,19913,1760,"Green Edge",NA,"Ice Camp",NA,2016,"2016-06-13","WATER_4",40,NA,"water","under ice water",NA,NA,NA,NA,NA,67.4797,-63.7895,"Qikiqtarjuaq","Baffin Bay",NA,NA,NA,NA,NA,NA,NA,NA,"GE_IC_Set_1_filt","Green Edge IC set 1 - filters and LS experiment","18S rRNA","V4","nucleus","Arctic Ocean","oceanic","water","",1,"dada2","2019-06-24","Illumina","2x250","Toulouse","Piscosouth 2 2018-09-30",67.4797,67.4797,-63.7895,-63.7895,384,0,"Contains: cDNA and DNA from filtered samples and from Light Stress experiment",19913,5068,"Stage_II","water - Stage_II","Stages_II_and_III"
"DNA.GE.IC.31",21,1821,NA,"31","DNA-GE-IC-31","GE-IC-2016-172-2",NA,"DNA","nano","3 - 20 um",3,20,NA,30666,1783,"Green Edge",NA,"Ice Camp",NA,2016,"2016-06-20","WATER_1",1.5,NA,"water","under ice water",NA,NA,NA,NA,NA,67.4797,-63.7895,"Qikiqtarjuaq","Baffin Bay",NA,NA,NA,NA,NA,NA,NA,NA,"GE_IC_Set_1_filt","Green Edge IC set 1 - filters and LS experiment","18S rRNA","V4","nucleus","Arctic Ocean","oceanic","water","",1,"dada2","2019-06-24","Illumina","2x250","Toulouse","Piscosouth 2 2018-09-30",67.4797,67.4797,-63.7895,-63.7895,384,0,"Contains: cDNA and DNA from filtered samples and from Light Stress experiment",30666,15270,"Stage_III","water - Stage_III","Stages_II_and_III"
"DNA.GE.IC.32",21,1822,NA,"32","DNA-GE-IC-32","GE-IC-2016-172-3",NA,"DNA","nano","3 - 20 um",3,20,NA,30986,1784,"Green Edge",NA,"Ice Camp",NA,2016,"2016-06-20","WATER_2",5,NA,"water","under ice water",NA,NA,NA,NA,NA,67.4797,-63.7895,"Qikiqtarjuaq","Baffin Bay",NA,NA,NA,NA,NA,NA,NA,NA,"GE_IC_Set_1_filt","Green Edge IC set 1 - filters and LS experiment","18S rRNA","V4","nucleus","Arctic Ocean","oceanic","water","",1,"dada2","2019-06-24","Illumina","2x250","Toulouse","Piscosouth 2 2018-09-30",67.4797,67.4797,-63.7895,-63.7895,384,0,"Contains: cDNA and DNA from filtered samples and from Light Stress experiment",30986,13657,"Stage_III","water - Stage_III","Stages_II_and_III"
"DNA.GE.IC.33",21,1823,NA,"33","DNA-GE-IC-33","GE-IC-2016-172-4",NA,"DNA","nano","3 - 20 um",3,20,NA,28306,1785,"Green Edge",NA,"Ice Camp",NA,2016,"2016-06-20","WATER_3",10,NA,"water","under ice water",NA,NA,NA,NA,NA,67.4797,-63.7895,"Qikiqtarjuaq","Baffin Bay",NA,NA,NA,NA,NA,NA,NA,NA,"GE_IC_Set_1_filt","Green Edge IC set 1 - filters and LS experiment","18S rRNA","V4","nucleus","Arctic Ocean","oceanic","water","",1,"dada2","2019-06-24","Illumina","2x250","Toulouse","Piscosouth 2 2018-09-30",67.4797,67.4797,-63.7895,-63.7895,384,0,"Contains: cDNA and DNA from filtered samples and from Light Stress experiment",28306,12333,"Stage_III","water - Stage_III","Stages_II_and_III"
"DNA.GE.IC.34",21,1824,NA,"34","DNA-GE-IC-34","GE-IC-2016-172-6",NA,"DNA","nano","3 - 20 um",3,20,NA,29079,1787,"Green Edge",NA,"Ice Camp",NA,2016,"2016-06-20","WATER_4",40,NA,"water","under ice water",NA,NA,NA,NA,NA,67.4797,-63.7895,"Qikiqtarjuaq","Baffin Bay",NA,NA,NA,NA,NA,NA,NA,NA,"GE_IC_Set_1_filt","Green Edge IC set 1 - filters and LS experiment","18S rRNA","V4","nucleus","Arctic Ocean","oceanic","water","",1,"dada2","2019-06-24","Illumina","2x250","Toulouse","Piscosouth 2 2018-09-30",67.4797,67.4797,-63.7895,-63.7895,384,0,"Contains: cDNA and DNA from filtered samples and from Light Stress experiment",29079,10884,"Stage_III","water - Stage_III","Stages_II_and_III"
"DNA.GE.IC.35",21,1825,NA,"35","DNA-GE-IC-35","GE-IC-2016-172-IC3",NA,"DNA","nano","3 - 20 um",3,20,NA,25901,1788,"Green Edge",NA,"Ice Camp",NA,2016,"2016-06-20","ICE_0",NA,"0-3 cm","ice",NA,NA,NA,NA,NA,NA,67.4797,-63.7895,"Qikiqtarjuaq","Baffin Bay",NA,NA,NA,NA,NA,NA,NA,NA,"GE_IC_Set_1_filt","Green Edge IC set 1 - filters and LS experiment","18S rRNA","V4","nucleus","Arctic Ocean","oceanic","water","",1,"dada2","2019-06-24","Illumina","2x250","Toulouse","Piscosouth 2 2018-09-30",67.4797,67.4797,-63.7895,-63.7895,384,0,"Contains: cDNA and DNA from filtered samples and from Light Stress experiment",25901,15793,"Stage_III","ice - Stage_III","Stages_II_and_III"
"DNA.GE.IC.36",21,1826,NA,"36","DNA-GE-IC-36","GE-IC-2016-172-IC4",NA,"DNA","nano","3 - 20 um",3,20,NA,25563,1789,"Green Edge",NA,"Ice Camp",NA,2016,"2016-06-20","ICE_1",NA,"3-10 cm","ice",NA,NA,NA,NA,NA,NA,67.4797,-63.7895,"Qikiqtarjuaq","Baffin Bay",NA,NA,NA,NA,NA,NA,NA,NA,"GE_IC_Set_1_filt","Green Edge IC set 1 - filters and LS experiment","18S rRNA","V4","nucleus","Arctic Ocean","oceanic","water","",1,"dada2","2019-06-24","Illumina","2x250","Toulouse","Piscosouth 2 2018-09-30",67.4797,67.4797,-63.7895,-63.7895,384,0,"Contains: cDNA and DNA from filtered samples and from Light Stress experiment",25563,8141,"Stage_III","ice - Stage_III","Stages_II_and_III"
"DNA.GE.IC.37",21,1827,NA,"37","DNA-GE-IC-37","GE-IC-2016-179-2",NA,"DNA","nano","3 - 20 um",3,20,NA,27130,1810,"Green Edge",NA,"Ice Camp",NA,2016,"2016-06-27","WATER_1",1.5,NA,"water","under ice water",NA,NA,NA,NA,NA,67.4797,-63.7895,"Qikiqtarjuaq","Baffin Bay",NA,NA,NA,NA,NA,NA,NA,NA,"GE_IC_Set_1_filt","Green Edge IC set 1 - filters and LS experiment","18S rRNA","V4","nucleus","Arctic Ocean","oceanic","water","",1,"dada2","2019-06-24","Illumina","2x250","Toulouse","Piscosouth 2 2018-09-30",67.4797,67.4797,-63.7895,-63.7895,384,0,"Contains: cDNA and DNA from filtered samples and from Light Stress experiment",27130,16493,"Stage_III","water - Stage_III","Stages_II_and_III"
"DNA.GE.IC.38",21,1828,NA,"38","DNA-GE-IC-38","GE-IC-2016-179-3",NA,"DNA","nano","3 - 20 um",3,20,NA,30644,1811,"Green Edge",NA,"Ice Camp",NA,2016,"2016-06-27","WATER_2",10,NA,"water","under ice water",NA,NA,NA,NA,NA,67.4797,-63.7895,"Qikiqtarjuaq","Baffin Bay",NA,NA,NA,NA,NA,NA,NA,NA,"GE_IC_Set_1_filt","Green Edge IC set 1 - filters and LS experiment","18S rRNA","V4","nucleus","Arctic Ocean","oceanic","water","",1,"dada2","2019-06-24","Illumina","2x250","Toulouse","Piscosouth 2 2018-09-30",67.4797,67.4797,-63.7895,-63.7895,384,0,"Contains: cDNA and DNA from filtered samples and from Light Stress experiment",30644,18712,"Stage_III","water - Stage_III","Stages_II_and_III"
"DNA.GE.IC.39",21,1829,NA,"39","DNA-GE-IC-39","GE-IC-2016-179-4",NA,"DNA","nano","3 - 20 um",3,20,NA,21563,1812,"Green Edge",NA,"Ice Camp",NA,2016,"2016-06-27","WATER_3",20,NA,"water","under ice water",NA,NA,NA,NA,NA,67.4797,-63.7895,"Qikiqtarjuaq","Baffin Bay",NA,NA,NA,NA,NA,NA,NA,NA,"GE_IC_Set_1_filt","Green Edge IC set 1 - filters and LS experiment","18S rRNA","V4","nucleus","Arctic Ocean","oceanic","water","",1,"dada2","2019-06-24","Illumina","2x250","Toulouse","Piscosouth 2 2018-09-30",67.4797,67.4797,-63.7895,-63.7895,384,0,"Contains: cDNA and DNA from filtered samples and from Light Stress experiment",21563,10823,"Stage_III","water - Stage_III","Stages_II_and_III"
"DNA.GE.IC.40",21,1830,NA,"40","DNA-GE-IC-40","GE-IC-2016-179-6",NA,"DNA","nano","3 - 20 um",3,20,NA,27077,1814,"Green Edge",NA,"Ice Camp",NA,2016,"2016-06-27","WATER_4",60,NA,"water","under ice water",NA,NA,NA,NA,NA,67.4797,-63.7895,"Qikiqtarjuaq","Baffin Bay",NA,NA,NA,NA,NA,NA,NA,NA,"GE_IC_Set_1_filt","Green Edge IC set 1 - filters and LS experiment","18S rRNA","V4","nucleus","Arctic Ocean","oceanic","water","",1,"dada2","2019-06-24","Illumina","2x250","Toulouse","Piscosouth 2 2018-09-30",67.4797,67.4797,-63.7895,-63.7895,384,0,"Contains: cDNA and DNA from filtered samples and from Light Stress experiment",27077,12145,"Stage_III","water - Stage_III","Stages_II_and_III"
"DNA.GE.IC.41",21,1831,NA,"41","DNA-GE-IC-41","GE-IC-2016-179-IC3",NA,"DNA","nano","3 - 20 um",3,20,NA,30902,1815,"Green Edge",NA,"Ice Camp",NA,2016,"2016-06-27","ICE_0",NA,"0-3 cm","ice",NA,NA,NA,NA,NA,NA,67.4797,-63.7895,"Qikiqtarjuaq","Baffin Bay",NA,NA,NA,NA,NA,NA,NA,NA,"GE_IC_Set_1_filt","Green Edge IC set 1 - filters and LS experiment","18S rRNA","V4","nucleus","Arctic Ocean","oceanic","water","",1,"dada2","2019-06-24","Illumina","2x250","Toulouse","Piscosouth 2 2018-09-30",67.4797,67.4797,-63.7895,-63.7895,384,0,"Contains: cDNA and DNA from filtered samples and from Light Stress experiment",30902,18293,"Stage_III","ice - Stage_III","Stages_II_and_III"
"DNA.GE.IC.42",21,1832,NA,"42","DNA-GE-IC-42","GE-IC-2016-179-IC4",NA,"DNA","nano","3 - 20 um",3,20,NA,28491,1816,"Green Edge",NA,"Ice Camp",NA,2016,"2016-06-27","ICE_1",NA,"3-10 cm","ice",NA,NA,NA,NA,NA,NA,67.4797,-63.7895,"Qikiqtarjuaq","Baffin Bay",NA,NA,NA,NA,NA,NA,NA,NA,"GE_IC_Set_1_filt","Green Edge IC set 1 - filters and LS experiment","18S rRNA","V4","nucleus","Arctic Ocean","oceanic","water","",1,"dada2","2019-06-24","Illumina","2x250","Toulouse","Piscosouth 2 2018-09-30",67.4797,67.4797,-63.7895,-63.7895,384,0,"Contains: cDNA and DNA from filtered samples and from Light Stress experiment",28491,9040,"Stage_III","ice - Stage_III","Stages_II_and_III"
"DNA.GE.IC.43",21,1833,NA,"43","DNA-GE-IC-43","GE-IC-2016-188-2",NA,"DNA","nano","3 - 20 um",3,20,NA,24905,1845,"Green Edge",NA,"Ice Camp",NA,2016,"2016-07-06","WATER_1",1.5,NA,"water","under ice water",NA,NA,NA,NA,NA,67.4797,-63.7895,"Qikiqtarjuaq","Baffin Bay",NA,NA,NA,NA,NA,NA,NA,NA,"GE_IC_Set_1_filt","Green Edge IC set 1 - filters and LS experiment","18S rRNA","V4","nucleus","Arctic Ocean","oceanic","water","",1,"dada2","2019-06-24","Illumina","2x250","Toulouse","Piscosouth 2 2018-09-30",67.4797,67.4797,-63.7895,-63.7895,384,0,"Contains: cDNA and DNA from filtered samples and from Light Stress experiment",24905,14756,"Stage_III","water - Stage_III","Stages_II_and_III"
"DNA.GE.IC.44",21,1834,NA,"44","DNA-GE-IC-44","GE-IC-2016-188-3",NA,"DNA","nano","3 - 20 um",3,20,NA,27045,1846,"Green Edge",NA,"Ice Camp",NA,2016,"2016-07-06","WATER_2",10,NA,"water","under ice water",NA,NA,NA,NA,NA,67.4797,-63.7895,"Qikiqtarjuaq","Baffin Bay",NA,NA,NA,NA,NA,NA,NA,NA,"GE_IC_Set_1_filt","Green Edge IC set 1 - filters and LS experiment","18S rRNA","V4","nucleus","Arctic Ocean","oceanic","water","",1,"dada2","2019-06-24","Illumina","2x250","Toulouse","Piscosouth 2 2018-09-30",67.4797,67.4797,-63.7895,-63.7895,384,0,"Contains: cDNA and DNA from filtered samples and from Light Stress experiment",27045,15723,"Stage_III","water - Stage_III","Stages_II_and_III"
"DNA.GE.IC.45",21,1835,NA,"45","DNA-GE-IC-45","GE-IC-2016-188-4",NA,"DNA","nano","3 - 20 um",3,20,NA,30234,1847,"Green Edge",NA,"Ice Camp",NA,2016,"2016-07-06","WATER_3",20,NA,"water","under ice water",NA,NA,NA,NA,NA,67.4797,-63.7895,"Qikiqtarjuaq","Baffin Bay",NA,NA,NA,NA,NA,NA,NA,NA,"GE_IC_Set_1_filt","Green Edge IC set 1 - filters and LS experiment","18S rRNA","V4","nucleus","Arctic Ocean","oceanic","water","",1,"dada2","2019-06-24","Illumina","2x250","Toulouse","Piscosouth 2 2018-09-30",67.4797,67.4797,-63.7895,-63.7895,384,0,"Contains: cDNA and DNA from filtered samples and from Light Stress experiment",30234,21102,"Stage_III","water - Stage_III","Stages_II_and_III"
"DNA.GE.IC.47",21,1837,NA,"47","DNA-GE-IC-47","GE-IC-2016-200-2",NA,"DNA","nano","3 - 20 um",3,20,NA,25403,1875,"Green Edge",NA,"Ice Camp",NA,2016,"2016-07-18","WATER_1",1.5,NA,"water","under ice water",NA,NA,NA,NA,NA,67.4797,-63.7895,"Qikiqtarjuaq","Baffin Bay",NA,NA,NA,NA,NA,NA,NA,NA,"GE_IC_Set_1_filt","Green Edge IC set 1 - filters and LS experiment","18S rRNA","V4","nucleus","Arctic Ocean","oceanic","water","",1,"dada2","2019-06-24","Illumina","2x250","Toulouse","Piscosouth 2 2018-09-30",67.4797,67.4797,-63.7895,-63.7895,384,0,"Contains: cDNA and DNA from filtered samples and from Light Stress experiment",25403,16736,"Stage_III","water - Stage_III","Stages_II_and_III"
"DNA.GE.IC.49",21,1839,NA,"49","DNA-GE-IC-49","GE-IC-2016-200-4",NA,"DNA","nano","3 - 20 um",3,20,NA,30203,1877,"Green Edge",NA,"Ice Camp",NA,2016,"2016-07-18","WATER_3",20,NA,"water","under ice water",NA,NA,NA,NA,NA,67.4797,-63.7895,"Qikiqtarjuaq","Baffin Bay",NA,NA,NA,NA,NA,NA,NA,NA,"GE_IC_Set_1_filt","Green Edge IC set 1 - filters and LS experiment","18S rRNA","V4","nucleus","Arctic Ocean","oceanic","water","",1,"dada2","2019-06-24","Illumina","2x250","Toulouse","Piscosouth 2 2018-09-30",67.4797,67.4797,-63.7895,-63.7895,384,0,"Contains: cDNA and DNA from filtered samples and from Light Stress experiment",30203,16937,"Stage_III","water - Stage_III","Stages_II_and_III"
"DNA.GE.IC.50",21,1840,NA,"50","DNA-GE-IC-50","GE-IC-2016-200-6",NA,"DNA","nano","3 - 20 um",3,20,NA,24639,1879,"Green Edge",NA,"Ice Camp",NA,2016,"2016-07-18","WATER_4",60,NA,"water","under ice water",NA,NA,NA,NA,NA,67.4797,-63.7895,"Qikiqtarjuaq","Baffin Bay",NA,NA,NA,NA,NA,NA,NA,NA,"GE_IC_Set_1_filt","Green Edge IC set 1 - filters and LS experiment","18S rRNA","V4","nucleus","Arctic Ocean","oceanic","water","",1,"dada2","2019-06-24","Illumina","2x250","Toulouse","Piscosouth 2 2018-09-30",67.4797,67.4797,-63.7895,-63.7895,384,0,"Contains: cDNA and DNA from filtered samples and from Light Stress experiment",24639,14515,"Stage_III","water - Stage_III","Stages_II_and_III"
"DNA.GE.IC.51",21,1841,NA,"51","DNA-GE-IC-51","GE-IC-2016-179-IC3",NA,"DNA","micro","> 20 um",20,NA,NA,28069,1815,"Green Edge",NA,"Ice Camp",NA,2016,"2016-06-27","ICE_0",NA,"0-3 cm","ice",NA,NA,NA,NA,NA,NA,67.4797,-63.7895,"Qikiqtarjuaq","Baffin Bay",NA,NA,NA,NA,NA,NA,NA,NA,"GE_IC_Set_1_filt","Green Edge IC set 1 - filters and LS experiment","18S rRNA","V4","nucleus","Arctic Ocean","oceanic","water","",1,"dada2","2019-06-24","Illumina","2x250","Toulouse","Piscosouth 2 2018-09-30",67.4797,67.4797,-63.7895,-63.7895,384,0,"Contains: cDNA and DNA from filtered samples and from Light Stress experiment",28069,20648,"Stage_III","ice - Stage_III","Stages_II_and_III"
"DNA.GE.IC.53",21,1843,NA,"53","DNA-GE-IC-53","GE-IC-2016-188-2",NA,"DNA","micro","> 20 um",20,NA,NA,25268,1845,"Green Edge",NA,"Ice Camp",NA,2016,"2016-07-06","WATER_1",1.5,NA,"water","under ice water",NA,NA,NA,NA,NA,67.4797,-63.7895,"Qikiqtarjuaq","Baffin Bay",NA,NA,NA,NA,NA,NA,NA,NA,"GE_IC_Set_1_filt","Green Edge IC set 1 - filters and LS experiment","18S rRNA","V4","nucleus","Arctic Ocean","oceanic","water","",1,"dada2","2019-06-24","Illumina","2x250","Toulouse","Piscosouth 2 2018-09-30",67.4797,67.4797,-63.7895,-63.7895,384,0,"Contains: cDNA and DNA from filtered samples and from Light Stress experiment",25268,21325,"Stage_III","water - Stage_III","Stages_II_and_III"
"DNA.GE.IC.54",21,1844,NA,"54","DNA-GE-IC-54","GE-IC-2016-188-3",NA,"DNA","micro","> 20 um",20,NA,NA,30811,1846,"Green Edge",NA,"Ice Camp",NA,2016,"2016-07-06","WATER_2",10,NA,"water","under ice water",NA,NA,NA,NA,NA,67.4797,-63.7895,"Qikiqtarjuaq","Baffin Bay",NA,NA,NA,NA,NA,NA,NA,NA,"GE_IC_Set_1_filt","Green Edge IC set 1 - filters and LS experiment","18S rRNA","V4","nucleus","Arctic Ocean","oceanic","water","",1,"dada2","2019-06-24","Illumina","2x250","Toulouse","Piscosouth 2 2018-09-30",67.4797,67.4797,-63.7895,-63.7895,384,0,"Contains: cDNA and DNA from filtered samples and from Light Stress experiment",30811,26508,"Stage_III","water - Stage_III","Stages_II_and_III"
"DNA.GE.IC.55",21,1845,NA,"55","DNA-GE-IC-55","GE-IC-2016-188-4",NA,"DNA","micro","> 20 um",20,NA,NA,24469,1847,"Green Edge",NA,"Ice Camp",NA,2016,"2016-07-06","WATER_3",20,NA,"water","under ice water",NA,NA,NA,NA,NA,67.4797,-63.7895,"Qikiqtarjuaq","Baffin Bay",NA,NA,NA,NA,NA,NA,NA,NA,"GE_IC_Set_1_filt","Green Edge IC set 1 - filters and LS experiment","18S rRNA","V4","nucleus","Arctic Ocean","oceanic","water","",1,"dada2","2019-06-24","Illumina","2x250","Toulouse","Piscosouth 2 2018-09-30",67.4797,67.4797,-63.7895,-63.7895,384,0,"Contains: cDNA and DNA from filtered samples and from Light Stress experiment",24469,21056,"Stage_III","water - Stage_III","Stages_II_and_III"
"DNA.GE.IC.56",21,1846,NA,"56","DNA-GE-IC-56","GE-IC-2016-188-6",NA,"DNA","micro","> 20 um",20,NA,NA,25982,1849,"Green Edge",NA,"Ice Camp",NA,2016,"2016-07-06","WATER_4",60,NA,"water","under ice water",NA,NA,NA,NA,NA,67.4797,-63.7895,"Qikiqtarjuaq","Baffin Bay",NA,NA,NA,NA,NA,NA,NA,NA,"GE_IC_Set_1_filt","Green Edge IC set 1 - filters and LS experiment","18S rRNA","V4","nucleus","Arctic Ocean","oceanic","water","",1,"dada2","2019-06-24","Illumina","2x250","Toulouse","Piscosouth 2 2018-09-30",67.4797,67.4797,-63.7895,-63.7895,384,0,"Contains: cDNA and DNA from filtered samples and from Light Stress experiment",25982,22020,"Stage_III","water - Stage_III","Stages_II_and_III"
"DNA.GE.IC.57",21,1847,NA,"57","DNA-GE-IC-57","GE-IC-2016-200-2",NA,"DNA","micro","> 20 um",20,NA,NA,35101,1875,"Green Edge",NA,"Ice Camp",NA,2016,"2016-07-18","WATER_1",1.5,NA,"water","under ice water",NA,NA,NA,NA,NA,67.4797,-63.7895,"Qikiqtarjuaq","Baffin Bay",NA,NA,NA,NA,NA,NA,NA,NA,"GE_IC_Set_1_filt","Green Edge IC set 1 - filters and LS experiment","18S rRNA","V4","nucleus","Arctic Ocean","oceanic","water","",1,"dada2","2019-06-24","Illumina","2x250","Toulouse","Piscosouth 2 2018-09-30",67.4797,67.4797,-63.7895,-63.7895,384,0,"Contains: cDNA and DNA from filtered samples and from Light Stress experiment",35101,26971,"Stage_III","water - Stage_III","Stages_II_and_III"
"DNA.GE.IC.58",21,1848,NA,"58","DNA-GE-IC-58","GE-IC-2016-200-3",NA,"DNA","micro","> 20 um",20,NA,NA,23283,1876,"Green Edge",NA,"Ice Camp",NA,2016,"2016-07-18","WATER_2",10,NA,"water","under ice water",NA,NA,NA,NA,NA,67.4797,-63.7895,"Qikiqtarjuaq","Baffin Bay",NA,NA,NA,NA,NA,NA,NA,NA,"GE_IC_Set_1_filt","Green Edge IC set 1 - filters and LS experiment","18S rRNA","V4","nucleus","Arctic Ocean","oceanic","water","",1,"dada2","2019-06-24","Illumina","2x250","Toulouse","Piscosouth 2 2018-09-30",67.4797,67.4797,-63.7895,-63.7895,384,0,"Contains: cDNA and DNA from filtered samples and from Light Stress experiment",23283,13470,"Stage_III","water - Stage_III","Stages_II_and_III"
"DNA.GE.IC.60",21,1850,NA,"60","DNA-GE-IC-60","GE-IC-2016-200-6",NA,"DNA","micro","> 20 um",20,NA,NA,27246,1879,"Green Edge",NA,"Ice Camp",NA,2016,"2016-07-18","WATER_4",60,NA,"water","under ice water",NA,NA,NA,NA,NA,67.4797,-63.7895,"Qikiqtarjuaq","Baffin Bay",NA,NA,NA,NA,NA,NA,NA,NA,"GE_IC_Set_1_filt","Green Edge IC set 1 - filters and LS experiment","18S rRNA","V4","nucleus","Arctic Ocean","oceanic","water","",1,"dada2","2019-06-24","Illumina","2x250","Toulouse","Piscosouth 2 2018-09-30",67.4797,67.4797,-63.7895,-63.7895,384,0,"Contains: cDNA and DNA from filtered samples and from Light Stress experiment",27246,24989,"Stage_III","water - Stage_III","Stages_II_and_III"
"DNA.GE.IC.61",21,1851,NA,"61","DNA-GE-IC-61","GE-IC-2016-130-2",NA,"DNA","micro","> 20 um",20,NA,NA,29149,1637,"Green Edge",NA,"Ice Camp",NA,2016,"2016-05-09","WATER_1",1.5,NA,"water","under ice water",NA,NA,NA,NA,NA,67.4797,-63.7895,"Qikiqtarjuaq","Baffin Bay",NA,NA,NA,NA,NA,NA,NA,NA,"GE_IC_Set_1_filt","Green Edge IC set 1 - filters and LS experiment","18S rRNA","V4","nucleus","Arctic Ocean","oceanic","water","",1,"dada2","2019-06-24","Illumina","2x250","Toulouse","Piscosouth 2 2018-09-30",67.4797,67.4797,-63.7895,-63.7895,384,0,"Contains: cDNA and DNA from filtered samples and from Light Stress experiment",29149,1793,"Stage_I","water - Stage_I","Stage_I"
"DNA.GE.IC.64",21,1854,NA,"64","DNA-GE-IC-64","GE-IC-2016-130-6",NA,"DNA","micro","> 20 um",20,NA,NA,29902,1641,"Green Edge",NA,"Ice Camp",NA,2016,"2016-05-09","WATER_4",40,NA,"water","under ice water",NA,NA,NA,NA,NA,67.4797,-63.7895,"Qikiqtarjuaq","Baffin Bay",NA,NA,NA,NA,NA,NA,NA,NA,"GE_IC_Set_1_filt","Green Edge IC set 1 - filters and LS experiment","18S rRNA","V4","nucleus","Arctic Ocean","oceanic","water","",1,"dada2","2019-06-24","Illumina","2x250","Toulouse","Piscosouth 2 2018-09-30",67.4797,67.4797,-63.7895,-63.7895,384,0,"Contains: cDNA and DNA from filtered samples and from Light Stress experiment",29902,12545,"Stage_I","water - Stage_I","Stage_I"
"DNA.GE.IC.67",21,1857,NA,"67","DNA-GE-IC-67","GE-IC-2016-144-2",NA,"DNA","micro","> 20 um",20,NA,NA,30099,1686,"Green Edge",NA,"Ice Camp",NA,2016,"2016-05-23","WATER_1",1.5,NA,"water","under ice water",NA,NA,NA,NA,NA,67.4797,-63.7895,"Qikiqtarjuaq","Baffin Bay",NA,NA,NA,NA,NA,NA,NA,NA,"GE_IC_Set_1_filt","Green Edge IC set 1 - filters and LS experiment","18S rRNA","V4","nucleus","Arctic Ocean","oceanic","water","",1,"dada2","2019-06-24","Illumina","2x250","Toulouse","Piscosouth 2 2018-09-30",67.4797,67.4797,-63.7895,-63.7895,384,0,"Contains: cDNA and DNA from filtered samples and from Light Stress experiment",30099,3044,"Stage_I","water - Stage_I","Stage_I"
"DNA.GE.IC.7",21,1797,NA,"7","DNA-GE-IC-7","GE-IC-2016-144-2",NA,"DNA","nano","3 - 20 um",3,20,NA,21577,1686,"Green Edge",NA,"Ice Camp",NA,2016,"2016-05-23","WATER_1",1.5,NA,"water","under ice water",NA,NA,NA,NA,NA,67.4797,-63.7895,"Qikiqtarjuaq","Baffin Bay",NA,NA,NA,NA,NA,NA,NA,NA,"GE_IC_Set_1_filt","Green Edge IC set 1 - filters and LS experiment","18S rRNA","V4","nucleus","Arctic Ocean","oceanic","water","",1,"dada2","2019-06-24","Illumina","2x250","Toulouse","Piscosouth 2 2018-09-30",67.4797,67.4797,-63.7895,-63.7895,384,0,"Contains: cDNA and DNA from filtered samples and from Light Stress experiment",21577,2821,"Stage_I","water - Stage_I","Stage_I"
"DNA.GE.IC.70",21,1860,NA,"70","DNA-GE-IC-70","GE-IC-2016-144-6",NA,"DNA","micro","> 20 um",20,NA,NA,32318,1690,"Green Edge",NA,"Ice Camp",NA,2016,"2016-05-23","WATER_4",40,NA,"water","under ice water",NA,NA,NA,NA,NA,67.4797,-63.7895,"Qikiqtarjuaq","Baffin Bay",NA,NA,NA,NA,NA,NA,NA,NA,"GE_IC_Set_1_filt","Green Edge IC set 1 - filters and LS experiment","18S rRNA","V4","nucleus","Arctic Ocean","oceanic","water","",1,"dada2","2019-06-24","Illumina","2x250","Toulouse","Piscosouth 2 2018-09-30",67.4797,67.4797,-63.7895,-63.7895,384,0,"Contains: cDNA and DNA from filtered samples and from Light Stress experiment",32318,5085,"Stage_I","water - Stage_I","Stage_I"
"DNA.GE.IC.72",21,1862,NA,"72","DNA-GE-IC-72","GE-IC-2016-144-IC4",NA,"DNA","micro","> 20 um",20,NA,NA,33750,1692,"Green Edge",NA,"Ice Camp",NA,2016,"2016-05-23","ICE_1",NA,"3-10 cm","ice",NA,NA,NA,NA,NA,NA,67.4797,-63.7895,"Qikiqtarjuaq","Baffin Bay",NA,NA,NA,NA,NA,NA,NA,NA,"GE_IC_Set_1_filt","Green Edge IC set 1 - filters and LS experiment","18S rRNA","V4","nucleus","Arctic Ocean","oceanic","water","",1,"dada2","2019-06-24","Illumina","2x250","Toulouse","Piscosouth 2 2018-09-30",67.4797,67.4797,-63.7895,-63.7895,384,0,"Contains: cDNA and DNA from filtered samples and from Light Stress experiment",33750,7065,"Stage_I","ice - Stage_I","Stage_I"
"DNA.GE.IC.73",21,1863,NA,"73","DNA-GE-IC-73","GE-IC-2016-151-2",NA,"DNA","micro","> 20 um",20,NA,NA,23257,1708,"Green Edge",NA,"Ice Camp",NA,2016,"2016-05-30","WATER_1",1.5,NA,"water","under ice water",NA,NA,NA,NA,NA,67.4797,-63.7895,"Qikiqtarjuaq","Baffin Bay",NA,NA,NA,NA,NA,NA,NA,NA,"GE_IC_Set_1_filt","Green Edge IC set 1 - filters and LS experiment","18S rRNA","V4","nucleus","Arctic Ocean","oceanic","water","",1,"dada2","2019-06-24","Illumina","2x250","Toulouse","Piscosouth 2 2018-09-30",67.4797,67.4797,-63.7895,-63.7895,384,0,"Contains: cDNA and DNA from filtered samples and from Light Stress experiment",23257,3842,"Stage_I","water - Stage_I","Stage_I"
"DNA.GE.IC.75",21,1865,NA,"75","DNA-GE-IC-75","GE-IC-2016-151-4",NA,"DNA","micro","> 20 um",20,NA,NA,32616,1710,"Green Edge",NA,"Ice Camp",NA,2016,"2016-05-30","WATER_3",10,NA,"water","under ice water",NA,NA,NA,NA,NA,67.4797,-63.7895,"Qikiqtarjuaq","Baffin Bay",NA,NA,NA,NA,NA,NA,NA,NA,"GE_IC_Set_1_filt","Green Edge IC set 1 - filters and LS experiment","18S rRNA","V4","nucleus","Arctic Ocean","oceanic","water","",1,"dada2","2019-06-24","Illumina","2x250","Toulouse","Piscosouth 2 2018-09-30",67.4797,67.4797,-63.7895,-63.7895,384,0,"Contains: cDNA and DNA from filtered samples and from Light Stress experiment",32616,1660,"Stage_I","water - Stage_I","Stage_I"
"DNA.GE.IC.76",21,1866,NA,"76","DNA-GE-IC-76","GE-IC-2016-151-6",NA,"DNA","micro","> 20 um",20,NA,NA,26109,1712,"Green Edge",NA,"Ice Camp",NA,2016,"2016-05-30","WATER_4",40,NA,"water","under ice water",NA,NA,NA,NA,NA,67.4797,-63.7895,"Qikiqtarjuaq","Baffin Bay",NA,NA,NA,NA,NA,NA,NA,NA,"GE_IC_Set_1_filt","Green Edge IC set 1 - filters and LS experiment","18S rRNA","V4","nucleus","Arctic Ocean","oceanic","water","",1,"dada2","2019-06-24","Illumina","2x250","Toulouse","Piscosouth 2 2018-09-30",67.4797,67.4797,-63.7895,-63.7895,384,0,"Contains: cDNA and DNA from filtered samples and from Light Stress experiment",26109,5316,"Stage_I","water - Stage_I","Stage_I"
"DNA.GE.IC.79",21,1869,NA,"79","DNA-GE-IC-79","GE-IC-2016-158-2",NA,"DNA","micro","> 20 um",20,NA,NA,26552,1732,"Green Edge",NA,"Ice Camp",NA,2016,"2016-06-06","WATER_1",1.5,NA,"water","under ice water",NA,NA,NA,NA,NA,67.4797,-63.7895,"Qikiqtarjuaq","Baffin Bay",NA,NA,NA,NA,NA,NA,NA,NA,"GE_IC_Set_1_filt","Green Edge IC set 1 - filters and LS experiment","18S rRNA","V4","nucleus","Arctic Ocean","oceanic","water","",1,"dada2","2019-06-24","Illumina","2x250","Toulouse","Piscosouth 2 2018-09-30",67.4797,67.4797,-63.7895,-63.7895,384,0,"Contains: cDNA and DNA from filtered samples and from Light Stress experiment",26552,14736,"Stage_II","water - Stage_II","Stages_II_and_III"
"DNA.GE.IC.8",21,1798,NA,"8","DNA-GE-IC-8","GE-IC-2016-144-3",NA,"DNA","nano","3 - 20 um",3,20,NA,18201,1687,"Green Edge",NA,"Ice Camp",NA,2016,"2016-05-23","WATER_2",5,NA,"water","under ice water",NA,NA,NA,NA,NA,67.4797,-63.7895,"Qikiqtarjuaq","Baffin Bay",NA,NA,NA,NA,NA,NA,NA,NA,"GE_IC_Set_1_filt","Green Edge IC set 1 - filters and LS experiment","18S rRNA","V4","nucleus","Arctic Ocean","oceanic","water","",1,"dada2","2019-06-24","Illumina","2x250","Toulouse","Piscosouth 2 2018-09-30",67.4797,67.4797,-63.7895,-63.7895,384,0,"Contains: cDNA and DNA from filtered samples and from Light Stress experiment",18201,3085,"Stage_I","water - Stage_I","Stage_I"
"DNA.GE.IC.80",21,1870,NA,"80","DNA-GE-IC-80","GE-IC-2016-158-3",NA,"DNA","micro","> 20 um",20,NA,NA,19025,1733,"Green Edge",NA,"Ice Camp",NA,2016,"2016-06-06","WATER_2",5,NA,"water","under ice water",NA,NA,NA,NA,NA,67.4797,-63.7895,"Qikiqtarjuaq","Baffin Bay",NA,NA,NA,NA,NA,NA,NA,NA,"GE_IC_Set_1_filt","Green Edge IC set 1 - filters and LS experiment","18S rRNA","V4","nucleus","Arctic Ocean","oceanic","water","",1,"dada2","2019-06-24","Illumina","2x250","Toulouse","Piscosouth 2 2018-09-30",67.4797,67.4797,-63.7895,-63.7895,384,0,"Contains: cDNA and DNA from filtered samples and from Light Stress experiment",19025,6665,"Stage_II","water - Stage_II","Stages_II_and_III"
"DNA.GE.IC.82",21,1872,NA,"82","DNA-GE-IC-82","GE-IC-2016-158-6",NA,"DNA","micro","> 20 um",20,NA,NA,33606,1736,"Green Edge",NA,"Ice Camp",NA,2016,"2016-06-06","WATER_4",40,NA,"water","under ice water",NA,NA,NA,NA,NA,67.4797,-63.7895,"Qikiqtarjuaq","Baffin Bay",NA,NA,NA,NA,NA,NA,NA,NA,"GE_IC_Set_1_filt","Green Edge IC set 1 - filters and LS experiment","18S rRNA","V4","nucleus","Arctic Ocean","oceanic","water","",1,"dada2","2019-06-24","Illumina","2x250","Toulouse","Piscosouth 2 2018-09-30",67.4797,67.4797,-63.7895,-63.7895,384,0,"Contains: cDNA and DNA from filtered samples and from Light Stress experiment",33606,5333,"Stage_II","water - Stage_II","Stages_II_and_III"
"DNA.GE.IC.83",21,1873,NA,"83","DNA-GE-IC-83","GE-IC-2016-158-IC3",NA,"DNA","micro","> 20 um",20,NA,NA,21040,1737,"Green Edge",NA,"Ice Camp",NA,2016,"2016-06-06","ICE_0",NA,"0-3 cm","ice",NA,NA,NA,NA,NA,NA,67.4797,-63.7895,"Qikiqtarjuaq","Baffin Bay",NA,NA,NA,NA,NA,NA,NA,NA,"GE_IC_Set_1_filt","Green Edge IC set 1 - filters and LS experiment","18S rRNA","V4","nucleus","Arctic Ocean","oceanic","water","",1,"dada2","2019-06-24","Illumina","2x250","Toulouse","Piscosouth 2 2018-09-30",67.4797,67.4797,-63.7895,-63.7895,384,0,"Contains: cDNA and DNA from filtered samples and from Light Stress experiment",21040,9541,"Stage_II","ice - Stage_II","Stages_II_and_III"
"DNA.GE.IC.87",21,1877,NA,"87","DNA-GE-IC-87","GE-IC-2016-165-4",NA,"DNA","micro","> 20 um",20,NA,NA,22718,1758,"Green Edge",NA,"Ice Camp",NA,2016,"2016-06-13","WATER_3",10,NA,"water","under ice water",NA,NA,NA,NA,NA,67.4797,-63.7895,"Qikiqtarjuaq","Baffin Bay",NA,NA,NA,NA,NA,NA,NA,NA,"GE_IC_Set_1_filt","Green Edge IC set 1 - filters and LS experiment","18S rRNA","V4","nucleus","Arctic Ocean","oceanic","water","",1,"dada2","2019-06-24","Illumina","2x250","Toulouse","Piscosouth 2 2018-09-30",67.4797,67.4797,-63.7895,-63.7895,384,0,"Contains: cDNA and DNA from filtered samples and from Light Stress experiment",22718,7097,"Stage_II","water - Stage_II","Stages_II_and_III"
"DNA.GE.IC.89",21,1879,NA,"89","DNA-GE-IC-89","GE-IC-2016-165-IC3",NA,"DNA","micro","> 20 um",20,NA,NA,26709,1761,"Green Edge",NA,"Ice Camp",NA,2016,"2016-06-13","ICE_0",NA,"0-3 cm","ice",NA,NA,NA,NA,NA,NA,67.4797,-63.7895,"Qikiqtarjuaq","Baffin Bay",NA,NA,NA,NA,NA,NA,NA,NA,"GE_IC_Set_1_filt","Green Edge IC set 1 - filters and LS experiment","18S rRNA","V4","nucleus","Arctic Ocean","oceanic","water","",1,"dada2","2019-06-24","Illumina","2x250","Toulouse","Piscosouth 2 2018-09-30",67.4797,67.4797,-63.7895,-63.7895,384,0,"Contains: cDNA and DNA from filtered samples and from Light Stress experiment",26709,10817,"Stage_II","ice - Stage_II","Stages_II_and_III"
"DNA.GE.IC.9",21,1799,NA,"9","DNA-GE-IC-9","GE-IC-2016-144-4",NA,"DNA","nano","3 - 20 um",3,20,NA,23080,1688,"Green Edge",NA,"Ice Camp",NA,2016,"2016-05-23","WATER_3",10,NA,"water","under ice water",NA,NA,NA,NA,NA,67.4797,-63.7895,"Qikiqtarjuaq","Baffin Bay",NA,NA,NA,NA,NA,NA,NA,NA,"GE_IC_Set_1_filt","Green Edge IC set 1 - filters and LS experiment","18S rRNA","V4","nucleus","Arctic Ocean","oceanic","water","",1,"dada2","2019-06-24","Illumina","2x250","Toulouse","Piscosouth 2 2018-09-30",67.4797,67.4797,-63.7895,-63.7895,384,0,"Contains: cDNA and DNA from filtered samples and from Light Stress experiment",23080,3029,"Stage_I","water - Stage_I","Stage_I"
"DNA.GE.IC.90",21,1880,NA,"90","DNA-GE-IC-90","GE-IC-2016-165-IC4",NA,"DNA","micro","> 20 um",20,NA,NA,34414,1762,"Green Edge",NA,"Ice Camp",NA,2016,"2016-06-13","ICE_1",NA,"3-10 cm","ice",NA,NA,NA,NA,NA,NA,67.4797,-63.7895,"Qikiqtarjuaq","Baffin Bay",NA,NA,NA,NA,NA,NA,NA,NA,"GE_IC_Set_1_filt","Green Edge IC set 1 - filters and LS experiment","18S rRNA","V4","nucleus","Arctic Ocean","oceanic","water","",1,"dada2","2019-06-24","Illumina","2x250","Toulouse","Piscosouth 2 2018-09-30",67.4797,67.4797,-63.7895,-63.7895,384,0,"Contains: cDNA and DNA from filtered samples and from Light Stress experiment",34414,16735,"Stage_II","ice - Stage_II","Stages_II_and_III"
"DNA.GE.IC.92",21,1882,NA,"92","DNA-GE-IC-92","GE-IC-2016-172-3",NA,"DNA","micro","> 20 um",20,NA,NA,27495,1784,"Green Edge",NA,"Ice Camp",NA,2016,"2016-06-20","WATER_2",5,NA,"water","under ice water",NA,NA,NA,NA,NA,67.4797,-63.7895,"Qikiqtarjuaq","Baffin Bay",NA,NA,NA,NA,NA,NA,NA,NA,"GE_IC_Set_1_filt","Green Edge IC set 1 - filters and LS experiment","18S rRNA","V4","nucleus","Arctic Ocean","oceanic","water","",1,"dada2","2019-06-24","Illumina","2x250","Toulouse","Piscosouth 2 2018-09-30",67.4797,67.4797,-63.7895,-63.7895,384,0,"Contains: cDNA and DNA from filtered samples and from Light Stress experiment",27495,10694,"Stage_III","water - Stage_III","Stages_II_and_III"
"DNA.GE.IC.93",21,1883,NA,"93","DNA-GE-IC-93","GE-IC-2016-172-4",NA,"DNA","micro","> 20 um",20,NA,NA,28431,1785,"Green Edge",NA,"Ice Camp",NA,2016,"2016-06-20","WATER_3",10,NA,"water","under ice water",NA,NA,NA,NA,NA,67.4797,-63.7895,"Qikiqtarjuaq","Baffin Bay",NA,NA,NA,NA,NA,NA,NA,NA,"GE_IC_Set_1_filt","Green Edge IC set 1 - filters and LS experiment","18S rRNA","V4","nucleus","Arctic Ocean","oceanic","water","",1,"dada2","2019-06-24","Illumina","2x250","Toulouse","Piscosouth 2 2018-09-30",67.4797,67.4797,-63.7895,-63.7895,384,0,"Contains: cDNA and DNA from filtered samples and from Light Stress experiment",28431,9856,"Stage_III","water - Stage_III","Stages_II_and_III"
"DNA.GE.IC.94",21,1884,NA,"94","DNA-GE-IC-94","GE-IC-2016-172-6",NA,"DNA","micro","> 20 um",20,NA,NA,25199,1787,"Green Edge",NA,"Ice Camp",NA,2016,"2016-06-20","WATER_4",40,NA,"water","under ice water",NA,NA,NA,NA,NA,67.4797,-63.7895,"Qikiqtarjuaq","Baffin Bay",NA,NA,NA,NA,NA,NA,NA,NA,"GE_IC_Set_1_filt","Green Edge IC set 1 - filters and LS experiment","18S rRNA","V4","nucleus","Arctic Ocean","oceanic","water","",1,"dada2","2019-06-24","Illumina","2x250","Toulouse","Piscosouth 2 2018-09-30",67.4797,67.4797,-63.7895,-63.7895,384,0,"Contains: cDNA and DNA from filtered samples and from Light Stress experiment",25199,10390,"Stage_III","water - Stage_III","Stages_II_and_III"
"DNA.GE.IC.95",21,1885,NA,"95","DNA-GE-IC-95","GE-IC-2016-172-IC3",NA,"DNA","micro","> 20 um",20,NA,NA,28505,1788,"Green Edge",NA,"Ice Camp",NA,2016,"2016-06-20","ICE_0",NA,"0-3 cm","ice",NA,NA,NA,NA,NA,NA,67.4797,-63.7895,"Qikiqtarjuaq","Baffin Bay",NA,NA,NA,NA,NA,NA,NA,NA,"GE_IC_Set_1_filt","Green Edge IC set 1 - filters and LS experiment","18S rRNA","V4","nucleus","Arctic Ocean","oceanic","water","",1,"dada2","2019-06-24","Illumina","2x250","Toulouse","Piscosouth 2 2018-09-30",67.4797,67.4797,-63.7895,-63.7895,384,0,"Contains: cDNA and DNA from filtered samples and from Light Stress experiment",28505,19849,"Stage_III","ice - Stage_III","Stages_II_and_III"
"DNA.GE.IC.96",21,1886,NA,"96","DNA-GE-IC-96","GE-IC-2016-172-IC4",NA,"DNA","micro","> 20 um",20,NA,NA,32734,1789,"Green Edge",NA,"Ice Camp",NA,2016,"2016-06-20","ICE_1",NA,"3-10 cm","ice",NA,NA,NA,NA,NA,NA,67.4797,-63.7895,"Qikiqtarjuaq","Baffin Bay",NA,NA,NA,NA,NA,NA,NA,NA,"GE_IC_Set_1_filt","Green Edge IC set 1 - filters and LS experiment","18S rRNA","V4","nucleus","Arctic Ocean","oceanic","water","",1,"dada2","2019-06-24","Illumina","2x250","Toulouse","Piscosouth 2 2018-09-30",67.4797,67.4797,-63.7895,-63.7895,384,0,"Contains: cDNA and DNA from filtered samples and from Light Stress experiment",32734,16099,"Stage_III","ice - Stage_III","Stages_II_and_III"
"DNA.GE.IC.97",21,1887,NA,"97","DNA-GE-IC-97","GE-IC-2016-179-2",NA,"DNA","micro","> 20 um",20,NA,NA,33359,1810,"Green Edge",NA,"Ice Camp",NA,2016,"2016-06-27","WATER_1",1.5,NA,"water","under ice water",NA,NA,NA,NA,NA,67.4797,-63.7895,"Qikiqtarjuaq","Baffin Bay",NA,NA,NA,NA,NA,NA,NA,NA,"GE_IC_Set_1_filt","Green Edge IC set 1 - filters and LS experiment","18S rRNA","V4","nucleus","Arctic Ocean","oceanic","water","",1,"dada2","2019-06-24","Illumina","2x250","Toulouse","Piscosouth 2 2018-09-30",67.4797,67.4797,-63.7895,-63.7895,384,0,"Contains: cDNA and DNA from filtered samples and from Light Stress experiment",33359,21913,"Stage_III","water - Stage_III","Stages_II_and_III"
"DNA.GE.IC.98",21,1888,NA,"98","DNA-GE-IC-98","GE-IC-2016-179-3",NA,"DNA","micro","> 20 um",20,NA,NA,25626,1811,"Green Edge",NA,"Ice Camp",NA,2016,"2016-06-27","WATER_2",10,NA,"water","under ice water",NA,NA,NA,NA,NA,67.4797,-63.7895,"Qikiqtarjuaq","Baffin Bay",NA,NA,NA,NA,NA,NA,NA,NA,"GE_IC_Set_1_filt","Green Edge IC set 1 - filters and LS experiment","18S rRNA","V4","nucleus","Arctic Ocean","oceanic","water","",1,"dada2","2019-06-24","Illumina","2x250","Toulouse","Piscosouth 2 2018-09-30",67.4797,67.4797,-63.7895,-63.7895,384,0,"Contains: cDNA and DNA from filtered samples and from Light Stress experiment",25626,18720,"Stage_III","water - Stage_III","Stages_II_and_III"
"DNA.GE.IC.99",21,1889,NA,"99","DNA-GE-IC-99","GE-IC-2016-179-4",NA,"DNA","micro","> 20 um",20,NA,NA,31351,1812,"Green Edge",NA,"Ice Camp",NA,2016,"2016-06-27","WATER_3",20,NA,"water","under ice water",NA,NA,NA,NA,NA,67.4797,-63.7895,"Qikiqtarjuaq","Baffin Bay",NA,NA,NA,NA,NA,NA,NA,NA,"GE_IC_Set_1_filt","Green Edge IC set 1 - filters and LS experiment","18S rRNA","V4","nucleus","Arctic Ocean","oceanic","water","",1,"dada2","2019-06-24","Illumina","2x250","Toulouse","Piscosouth 2 2018-09-30",67.4797,67.4797,-63.7895,-63.7895,384,0,"Contains: cDNA and DNA from filtered samples and from Light Stress experiment",31351,24804,"Stage_III","water - Stage_III","Stages_II_and_III"
"DNA.GE.IC.1",21,1791,NA,"1","DNA-GE-IC-1","GE-IC-2016-130-2",NA,"DNA","nano","3 - 20 um",3,20,NA,20172,1637,"Green Edge",NA,"Ice Camp",NA,2016,"2016-05-09","WATER_1",1.5,NA,"water","under ice water",NA,NA,NA,NA,NA,67.4797,-63.7895,"Qikiqtarjuaq","Baffin Bay",NA,NA,NA,NA,NA,NA,NA,NA,"GE_IC_Set_1_filt","Green Edge IC set 1 - filters and LS experiment","18S rRNA","V4","nucleus","Arctic Ocean","oceanic","water","",1,"dada2","2019-06-24","Illumina","2x250","Toulouse","Piscosouth 2 2018-09-30",67.4797,67.4797,-63.7895,-63.7895,384,0,"Contains: cDNA and DNA from filtered samples and from Light Stress experiment",20172,1313,"Stage_I","water - Stage_I","Stage_I"
"DNA.GE.IC.105",21,1895,NA,"105","DNA-GE-IC-105","GE-IC-2016-130-IC3",NA,"DNA","pico","0.2 - 3 um",0.2,3,NA,29437,1642,"Green Edge",NA,"Ice Camp",NA,2016,"2016-05-09","ICE_0",NA,"0-3 cm","ice",NA,NA,NA,NA,NA,NA,67.4797,-63.7895,"Qikiqtarjuaq","Baffin Bay",NA,NA,NA,NA,NA,NA,NA,NA,"GE_IC_Set_1_filt","Green Edge IC set 1 - filters and LS experiment","18S rRNA","V4","nucleus","Arctic Ocean","oceanic","water","",1,"dada2","2019-06-24","Illumina","2x250","Toulouse","Piscosouth 2 2018-09-30",67.4797,67.4797,-63.7895,-63.7895,384,0,"Contains: cDNA and DNA from filtered samples and from Light Stress experiment",29437,11405,"Stage_I","ice - Stage_I","Stage_I"
"DNA.GE.IC.2",21,1792,NA,"2","DNA-GE-IC-2","GE-IC-2016-130-3",NA,"DNA","nano","3 - 20 um",3,20,NA,23922,1638,"Green Edge",NA,"Ice Camp",NA,2016,"2016-05-09","WATER_2",5,NA,"water","under ice water",NA,NA,NA,NA,NA,67.4797,-63.7895,"Qikiqtarjuaq","Baffin Bay",NA,NA,NA,NA,NA,NA,NA,NA,"GE_IC_Set_1_filt","Green Edge IC set 1 - filters and LS experiment","18S rRNA","V4","nucleus","Arctic Ocean","oceanic","water","",1,"dada2","2019-06-24","Illumina","2x250","Toulouse","Piscosouth 2 2018-09-30",67.4797,67.4797,-63.7895,-63.7895,384,0,"Contains: cDNA and DNA from filtered samples and from Light Stress experiment",23922,2240,"Stage_I","water - Stage_I","Stage_I"
"DNA.GE.IC.24",21,1814,NA,"24","DNA-GE-IC-24","GE-IC-2016-158-IC4",NA,"DNA","nano","3 - 20 um",3,20,NA,23063,1738,"Green Edge",NA,"Ice Camp",NA,2016,"2016-06-06","ICE_1",NA,"3-10 cm","ice",NA,NA,NA,NA,NA,NA,67.4797,-63.7895,"Qikiqtarjuaq","Baffin Bay",NA,NA,NA,NA,NA,NA,NA,NA,"GE_IC_Set_1_filt","Green Edge IC set 1 - filters and LS experiment","18S rRNA","V4","nucleus","Arctic Ocean","oceanic","water","",1,"dada2","2019-06-24","Illumina","2x250","Toulouse","Piscosouth 2 2018-09-30",67.4797,67.4797,-63.7895,-63.7895,384,0,"Contains: cDNA and DNA from filtered samples and from Light Stress experiment",23063,7252,"Stage_II","ice - Stage_II","Stages_II_and_III"
"DNA.GE.IC.29",21,1819,NA,"29","DNA-GE-IC-29","GE-IC-2016-165-IC3",NA,"DNA","nano","3 - 20 um",3,20,NA,30428,1761,"Green Edge",NA,"Ice Camp",NA,2016,"2016-06-13","ICE_0",NA,"0-3 cm","ice",NA,NA,NA,NA,NA,NA,67.4797,-63.7895,"Qikiqtarjuaq","Baffin Bay",NA,NA,NA,NA,NA,NA,NA,NA,"GE_IC_Set_1_filt","Green Edge IC set 1 - filters and LS experiment","18S rRNA","V4","nucleus","Arctic Ocean","oceanic","water","",1,"dada2","2019-06-24","Illumina","2x250","Toulouse","Piscosouth 2 2018-09-30",67.4797,67.4797,-63.7895,-63.7895,384,0,"Contains: cDNA and DNA from filtered samples and from Light Stress experiment",30428,12408,"Stage_II","ice - Stage_II","Stages_II_and_III"
"DNA.GE.IC.3",21,1793,NA,"3","DNA-GE-IC-3","GE-IC-2016-130-4",NA,"DNA","nano","3 - 20 um",3,20,NA,19134,1639,"Green Edge",NA,"Ice Camp",NA,2016,"2016-05-09","WATER_3",10,NA,"water","under ice water",NA,NA,NA,NA,NA,67.4797,-63.7895,"Qikiqtarjuaq","Baffin Bay",NA,NA,NA,NA,NA,NA,NA,NA,"GE_IC_Set_1_filt","Green Edge IC set 1 - filters and LS experiment","18S rRNA","V4","nucleus","Arctic Ocean","oceanic","water","",1,"dada2","2019-06-24","Illumina","2x250","Toulouse","Piscosouth 2 2018-09-30",67.4797,67.4797,-63.7895,-63.7895,384,0,"Contains: cDNA and DNA from filtered samples and from Light Stress experiment",19134,2039,"Stage_I","water - Stage_I","Stage_I"
"DNA.GE.IC.30",21,1820,NA,"30","DNA-GE-IC-30","GE-IC-2016-165-IC4",NA,"DNA","nano","3 - 20 um",3,20,NA,27541,1762,"Green Edge",NA,"Ice Camp",NA,2016,"2016-06-13","ICE_1",NA,"3-10 cm","ice",NA,NA,NA,NA,NA,NA,67.4797,-63.7895,"Qikiqtarjuaq","Baffin Bay",NA,NA,NA,NA,NA,NA,NA,NA,"GE_IC_Set_1_filt","Green Edge IC set 1 - filters and LS experiment","18S rRNA","V4","nucleus","Arctic Ocean","oceanic","water","",1,"dada2","2019-06-24","Illumina","2x250","Toulouse","Piscosouth 2 2018-09-30",67.4797,67.4797,-63.7895,-63.7895,384,0,"Contains: cDNA and DNA from filtered samples and from Light Stress experiment",27541,6846,"Stage_II","ice - Stage_II","Stages_II_and_III"
"DNA.GE.IC.48",21,1838,NA,"48","DNA-GE-IC-48","GE-IC-2016-200-3",NA,"DNA","nano","3 - 20 um",3,20,NA,26886,1876,"Green Edge",NA,"Ice Camp",NA,2016,"2016-07-18","WATER_2",10,NA,"water","under ice water",NA,NA,NA,NA,NA,67.4797,-63.7895,"Qikiqtarjuaq","Baffin Bay",NA,NA,NA,NA,NA,NA,NA,NA,"GE_IC_Set_1_filt","Green Edge IC set 1 - filters and LS experiment","18S rRNA","V4","nucleus","Arctic Ocean","oceanic","water","",1,"dada2","2019-06-24","Illumina","2x250","Toulouse","Piscosouth 2 2018-09-30",67.4797,67.4797,-63.7895,-63.7895,384,0,"Contains: cDNA and DNA from filtered samples and from Light Stress experiment",26886,19509,"Stage_III","water - Stage_III","Stages_II_and_III"
"DNA.GE.IC.5",21,1795,NA,"5","DNA-GE-IC-5","GE-IC-2016-130-IC3",NA,"DNA","nano","3 - 20 um",3,20,NA,23088,1642,"Green Edge",NA,"Ice Camp",NA,2016,"2016-05-09","ICE_0",NA,"0-3 cm","ice",NA,NA,NA,NA,NA,NA,67.4797,-63.7895,"Qikiqtarjuaq","Baffin Bay",NA,NA,NA,NA,NA,NA,NA,NA,"GE_IC_Set_1_filt","Green Edge IC set 1 - filters and LS experiment","18S rRNA","V4","nucleus","Arctic Ocean","oceanic","water","",1,"dada2","2019-06-24","Illumina","2x250","Toulouse","Piscosouth 2 2018-09-30",67.4797,67.4797,-63.7895,-63.7895,384,0,"Contains: cDNA and DNA from filtered samples and from Light Stress experiment",23088,10707,"Stage_I","ice - Stage_I","Stage_I"
"DNA.GE.IC.59",21,1849,NA,"59","DNA-GE-IC-59","GE-IC-2016-200-4",NA,"DNA","micro","> 20 um",20,NA,NA,24943,1877,"Green Edge",NA,"Ice Camp",NA,2016,"2016-07-18","WATER_3",20,NA,"water","under ice water",NA,NA,NA,NA,NA,67.4797,-63.7895,"Qikiqtarjuaq","Baffin Bay",NA,NA,NA,NA,NA,NA,NA,NA,"GE_IC_Set_1_filt","Green Edge IC set 1 - filters and LS experiment","18S rRNA","V4","nucleus","Arctic Ocean","oceanic","water","",1,"dada2","2019-06-24","Illumina","2x250","Toulouse","Piscosouth 2 2018-09-30",67.4797,67.4797,-63.7895,-63.7895,384,0,"Contains: cDNA and DNA from filtered samples and from Light Stress experiment",24943,20036,"Stage_III","water - Stage_III","Stages_II_and_III"
"DNA.GE.IC.65",21,1855,NA,"65","DNA-GE-IC-65","GE-IC-2016-130-IC3",NA,"DNA","micro","> 20 um",20,NA,NA,33216,1642,"Green Edge",NA,"Ice Camp",NA,2016,"2016-05-09","ICE_0",NA,"0-3 cm","ice",NA,NA,NA,NA,NA,NA,67.4797,-63.7895,"Qikiqtarjuaq","Baffin Bay",NA,NA,NA,NA,NA,NA,NA,NA,"GE_IC_Set_1_filt","Green Edge IC set 1 - filters and LS experiment","18S rRNA","V4","nucleus","Arctic Ocean","oceanic","water","",1,"dada2","2019-06-24","Illumina","2x250","Toulouse","Piscosouth 2 2018-09-30",67.4797,67.4797,-63.7895,-63.7895,384,0,"Contains: cDNA and DNA from filtered samples and from Light Stress experiment",33216,17795,"Stage_I","ice - Stage_I","Stage_I"
"DNA.GE.IC.78",21,1868,NA,"78","DNA-GE-IC-78","GE-IC-2016-151-IC4",NA,"DNA","micro","> 20 um",20,NA,NA,28222,1714,"Green Edge",NA,"Ice Camp",NA,2016,"2016-05-30","ICE_1",NA,"3-10 cm","ice",NA,NA,NA,NA,NA,NA,67.4797,-63.7895,"Qikiqtarjuaq","Baffin Bay",NA,NA,NA,NA,NA,NA,NA,NA,"GE_IC_Set_1_filt","Green Edge IC set 1 - filters and LS experiment","18S rRNA","V4","nucleus","Arctic Ocean","oceanic","water","",1,"dada2","2019-06-24","Illumina","2x250","Toulouse","Piscosouth 2 2018-09-30",67.4797,67.4797,-63.7895,-63.7895,384,0,"Contains: cDNA and DNA from filtered samples and from Light Stress experiment",28222,10337,"Stage_I","ice - Stage_I","Stage_I"
"DNA.GE.IC.81",21,1871,NA,"81","DNA-GE-IC-81","GE-IC-2016-158-4",NA,"DNA","micro","> 20 um",20,NA,NA,31542,1734,"Green Edge",NA,"Ice Camp",NA,2016,"2016-06-06","WATER_3",10,NA,"water","under ice water",NA,NA,NA,NA,NA,67.4797,-63.7895,"Qikiqtarjuaq","Baffin Bay",NA,NA,NA,NA,NA,NA,NA,NA,"GE_IC_Set_1_filt","Green Edge IC set 1 - filters and LS experiment","18S rRNA","V4","nucleus","Arctic Ocean","oceanic","water","",1,"dada2","2019-06-24","Illumina","2x250","Toulouse","Piscosouth 2 2018-09-30",67.4797,67.4797,-63.7895,-63.7895,384,0,"Contains: cDNA and DNA from filtered samples and from Light Stress experiment",31542,7002,"Stage_II","water - Stage_II","Stages_II_and_III"
"DNA.GE.IC.86",21,1876,NA,"86","DNA-GE-IC-86","GE-IC-2016-165-3",NA,"DNA","micro","> 20 um",20,NA,NA,29711,1757,"Green Edge",NA,"Ice Camp",NA,2016,"2016-06-13","WATER_2",5,NA,"water","under ice water",NA,NA,NA,NA,NA,67.4797,-63.7895,"Qikiqtarjuaq","Baffin Bay",NA,NA,NA,NA,NA,NA,NA,NA,"GE_IC_Set_1_filt","Green Edge IC set 1 - filters and LS experiment","18S rRNA","V4","nucleus","Arctic Ocean","oceanic","water","",1,"dada2","2019-06-24","Illumina","2x250","Toulouse","Piscosouth 2 2018-09-30",67.4797,67.4797,-63.7895,-63.7895,384,0,"Contains: cDNA and DNA from filtered samples and from Light Stress experiment",29711,15606,"Stage_II","water - Stage_II","Stages_II_and_III"
"DNA.GE.IC.11",21,1801,NA,"11","DNA-GE-IC-11","GE-IC-2016-144-IC3",NA,"DNA","nano","3 - 20 um",3,20,NA,21133,1691,"Green Edge",NA,"Ice Camp",NA,2016,"2016-05-23","ICE_0",NA,"0-3 cm","ice",NA,NA,NA,NA,NA,NA,67.4797,-63.7895,"Qikiqtarjuaq","Baffin Bay",NA,NA,NA,NA,NA,NA,NA,NA,"GE_IC_Set_1_filt","Green Edge IC set 1 - filters and LS experiment","18S rRNA","V4","nucleus","Arctic Ocean","oceanic","water","",1,"dada2","2019-06-24","Illumina","2x250","Toulouse","Piscosouth 2 2018-09-30",67.4797,67.4797,-63.7895,-63.7895,384,0,"Contains: cDNA and DNA from filtered samples and from Light Stress experiment",21133,10794,"Stage_I","ice - Stage_I","Stage_I"
"DNA.GE.IC.18",21,1808,NA,"18","DNA-GE-IC-18","GE-IC-2016-151-IC4",NA,"DNA","nano","3 - 20 um",3,20,NA,24102,1714,"Green Edge",NA,"Ice Camp",NA,2016,"2016-05-30","ICE_1",NA,"3-10 cm","ice",NA,NA,NA,NA,NA,NA,67.4797,-63.7895,"Qikiqtarjuaq","Baffin Bay",NA,NA,NA,NA,NA,NA,NA,NA,"GE_IC_Set_1_filt","Green Edge IC set 1 - filters and LS experiment","18S rRNA","V4","nucleus","Arctic Ocean","oceanic","water","",1,"dada2","2019-06-24","Illumina","2x250","Toulouse","Piscosouth 2 2018-09-30",67.4797,67.4797,-63.7895,-63.7895,384,0,"Contains: cDNA and DNA from filtered samples and from Light Stress experiment",24102,9326,"Stage_I","ice - Stage_I","Stage_I"
"DNA.GE.IC.6",21,1796,NA,"6","DNA-GE-IC-6","GE-IC-2016-130-IC4",NA,"DNA","nano","3 - 20 um",3,20,NA,14157,1643,"Green Edge",NA,"Ice Camp",NA,2016,"2016-05-09","ICE_1",NA,"3-10 cm","ice",NA,NA,NA,NA,NA,NA,67.4797,-63.7895,"Qikiqtarjuaq","Baffin Bay",NA,NA,NA,NA,NA,NA,NA,NA,"GE_IC_Set_1_filt","Green Edge IC set 1 - filters and LS experiment","18S rRNA","V4","nucleus","Arctic Ocean","oceanic","water","",1,"dada2","2019-06-24","Illumina","2x250","Toulouse","Piscosouth 2 2018-09-30",67.4797,67.4797,-63.7895,-63.7895,384,0,"Contains: cDNA and DNA from filtered samples and from Light Stress experiment",14157,3766,"Stage_I","ice - Stage_I","Stage_I"
"DNA.GE.IC.63",21,1853,NA,"63","DNA-GE-IC-63","GE-IC-2016-130-4",NA,"DNA","micro","> 20 um",20,NA,NA,31626,1639,"Green Edge",NA,"Ice Camp",NA,2016,"2016-05-09","WATER_3",10,NA,"water","under ice water",NA,NA,NA,NA,NA,67.4797,-63.7895,"Qikiqtarjuaq","Baffin Bay",NA,NA,NA,NA,NA,NA,NA,NA,"GE_IC_Set_1_filt","Green Edge IC set 1 - filters and LS experiment","18S rRNA","V4","nucleus","Arctic Ocean","oceanic","water","",1,"dada2","2019-06-24","Illumina","2x250","Toulouse","Piscosouth 2 2018-09-30",67.4797,67.4797,-63.7895,-63.7895,384,0,"Contains: cDNA and DNA from filtered samples and from Light Stress experiment",31626,7262,"Stage_I","water - Stage_I","Stage_I"
"DNA.GE.IC.71",21,1861,NA,"71","DNA-GE-IC-71","GE-IC-2016-144-IC3",NA,"DNA","micro","> 20 um",20,NA,NA,33918,1691,"Green Edge",NA,"Ice Camp",NA,2016,"2016-05-23","ICE_0",NA,"0-3 cm","ice",NA,NA,NA,NA,NA,NA,67.4797,-63.7895,"Qikiqtarjuaq","Baffin Bay",NA,NA,NA,NA,NA,NA,NA,NA,"GE_IC_Set_1_filt","Green Edge IC set 1 - filters and LS experiment","18S rRNA","V4","nucleus","Arctic Ocean","oceanic","water","",1,"dada2","2019-06-24","Illumina","2x250","Toulouse","Piscosouth 2 2018-09-30",67.4797,67.4797,-63.7895,-63.7895,384,0,"Contains: cDNA and DNA from filtered samples and from Light Stress experiment",33918,16557,"Stage_I","ice - Stage_I","Stage_I"
"DNA.GE.IC.77",21,1867,NA,"77","DNA-GE-IC-77","GE-IC-2016-151-IC3",NA,"DNA","micro","> 20 um",20,NA,NA,25152,1713,"Green Edge",NA,"Ice Camp",NA,2016,"2016-05-30","ICE_0",NA,"0-3 cm","ice",NA,NA,NA,NA,NA,NA,67.4797,-63.7895,"Qikiqtarjuaq","Baffin Bay",NA,NA,NA,NA,NA,NA,NA,NA,"GE_IC_Set_1_filt","Green Edge IC set 1 - filters and LS experiment","18S rRNA","V4","nucleus","Arctic Ocean","oceanic","water","",1,"dada2","2019-06-24","Illumina","2x250","Toulouse","Piscosouth 2 2018-09-30",67.4797,67.4797,-63.7895,-63.7895,384,0,"Contains: cDNA and DNA from filtered samples and from Light Stress experiment",25152,10807,"Stage_I","ice - Stage_I","Stage_I"
"DNA.GE.IC.85",21,1875,NA,"85","DNA-GE-IC-85","GE-IC-2016-165-2",NA,"DNA","micro","> 20 um",20,NA,NA,27039,1756,"Green Edge",NA,"Ice Camp",NA,2016,"2016-06-13","WATER_1",1.5,NA,"water","under ice water",NA,NA,NA,NA,NA,67.4797,-63.7895,"Qikiqtarjuaq","Baffin Bay",NA,NA,NA,NA,NA,NA,NA,NA,"GE_IC_Set_1_filt","Green Edge IC set 1 - filters and LS experiment","18S rRNA","V4","nucleus","Arctic Ocean","oceanic","water","",1,"dada2","2019-06-24","Illumina","2x250","Toulouse","Piscosouth 2 2018-09-30",67.4797,67.4797,-63.7895,-63.7895,384,0,"Contains: cDNA and DNA from filtered samples and from Light Stress experiment",27039,19752,"Stage_II","water - Stage_II","Stages_II_and_III"
"DNA.GE.IC.23",21,1813,NA,"23","DNA-GE-IC-23","GE-IC-2016-158-IC3",NA,"DNA","nano","3 - 20 um",3,20,NA,24835,1737,"Green Edge",NA,"Ice Camp",NA,2016,"2016-06-06","ICE_0",NA,"0-3 cm","ice",NA,NA,NA,NA,NA,NA,67.4797,-63.7895,"Qikiqtarjuaq","Baffin Bay",NA,NA,NA,NA,NA,NA,NA,NA,"GE_IC_Set_1_filt","Green Edge IC set 1 - filters and LS experiment","18S rRNA","V4","nucleus","Arctic Ocean","oceanic","water","",1,"dada2","2019-06-24","Illumina","2x250","Toulouse","Piscosouth 2 2018-09-30",67.4797,67.4797,-63.7895,-63.7895,384,0,"Contains: cDNA and DNA from filtered samples and from Light Stress experiment",24835,15022,"Stage_II","ice - Stage_II","Stages_II_and_III"
